1.3160472874732256,0.6058383215976288,-0.4132818768567217
-0.1916771714186346,-1.9819580771161467,0.1915353450119371
0.9522095509352191,-0.6268303927360539,-0.3029112900126056
0.5471544227515289,-1.4557650605661259,-0.09324953367350526
0.1358251995468105,-1.9050257078300958,-0.0377112987744619
0.08955023035530346,-2.0919055350476703,0.16565430549374108
0.10700870937478882,-1.7567471490320385,0.16726896964798524
-0.4886858454799492,-0.06675980395088077,-1.2943929825246485
0.16581626665748375,-1.3263144205384751,0.5659596727043873
0.21836565686789353,-1.850778489722981,0.3936222155204561
-1.669132569993017,1.0718179651027149,-1.0476306627143193
0.020712440216346696,-2.0990257002467594,0.08337168586440019
0.7549177747940227,-1.0257505937163818,0.4306352934194325
1.2365637751809488,0.33589157432749994,0.686079378728978
-1.2538926652570146,0.1884712741127199,-0.8058041964851761
-1.281769237627373,-0.21325789019162356,-0.010011226515450465
0.06233701018027461,-2.0378932710719275,0.08300487406113705
-0.04879344472225791,-1.930125673270411,0.07590424138023666
-1.5608815466346877,-0.006470476873119857,-0.15045763195167766
-1.7178700990206937,0.20786320743318099,-0.06747867761252944
1.7571230134215208,1.2839624780510235,0.034871220281115806
-1.9892519623451033,1.754631737823157,0.10120760349765491
1.2190149417714273,-0.5822383894938163,0.0007846864047095295
-0.8585311593951648,-0.9715744349788065,0.07463277439450564
0.49569629246094205,-1.8594683946200277,0.0016538165122277418
0.01173456353175411,-1.91333998424268,-0.038197764074958326
0.171437025441543,-1.7026541636830124,0.4436760919890868
0.047896698572334216,-2.1213033579587335,0.27910605283783024
-0.10215724374734485,-1.419847391598159,-0.7842062688821316
-0.43918995152121876,0.9335173738804023,-1.7553365321404737
-1.4214421982561518,1.5967887953464732,1.3263682594646253
-0.4675294818258807,-1.7121749652054443,0.539007027541423
1.4063016391430594,1.9449528507877174,-1.5192521576098421
-1.4168352056444902,1.5136749196705757,1.3913488189967915
1.3931877423059686,1.6261280596547065,-1.3697101389033302
-1.0324688371650745,-0.5987075413690932,0.6395377275020135
0.23393234168839916,-1.9814368835963951,-0.07118247343560524
-0.19706735708856526,-1.987802070923441,0.2750199701747668
0.49503766623262885,-1.7787320574978738,-0.15036004666968936
-1.0757370871084253,-0.19500527954218816,0.8699435340585276
-1.8000625070381306,1.2672117878252838,0.6985942402810289
1.7618235894152035,1.354314477447577,-0.7109577617604065
-1.805063502366392,1.1763145761300295,0.5996397920704457
1.6943337516344184,1.5740198013987352,-0.5403666514406371
-0.4276149924542602,-1.6831098699032148,0.28808457574510576
1.0679298448128338,-0.8387981908194249,-0.6757188113130764
-1.0824733621906584,-0.46311245412522095,0.6254141450370252
0.537554200736421,-1.6169914992196286,-0.30964411135742914
0.5187509103329093,-1.8378803900033525,-0.09133929595204468
1.260258314224116,0.9399680220500573,-1.0277613318419836
-1.748865657502127,1.7495788747718604,-0.9712887989826927
-0.659199118403166,-1.3727143204024213,-0.38557195098803276
-1.3886486741090378,-0.4394970080663019,-0.6694791357415762
-0.8927132798951505,-0.37710071320162,-0.8358181828660891
-1.0059355344280458,-0.9579786573660176,-0.6126279939961697
-0.8363675852909771,-1.1646881438377796,0.09828550636158971
-1.8272365672543138,1.1013187765998746,0.2959057844379788
-0.24781806293236597,-1.7546747243112901,-0.04154117160439093
-0.28345190979257073,-2.0637055364396004,0.045002207457359666
1.8593917252583942,1.1276536447080487,-0.32535256175719157
0.6713768090150363,-1.5150828893887713,-0.13700428554324703
-1.141367259135806,-0.5167659647684764,0.439439100930275
-0.8303109719451935,-1.2421671993692018,0.21221236728319023
1.774775243666103,1.6245717472923404,-0.55224932699179
-1.870980921711197,1.5632424220382686,0.7326433013429048
1.3287445507343336,-0.0928893154092163,0.3892753466278524
0.7433142370593119,-1.2919079490334489,0.12986799062815618
-0.43739956001890573,-1.9430940702662467,-0.2422153699967322
0.25418115928999263,-2.0583322039545,0.0740893145075602
-0.8654682052570292,-1.0101387214873574,-0.2937473977474556
0.5339335771952537,-1.3295298082058462,0.61261909836241
-0.13552910085796374,-1.8505098717394668,-0.1869969137346524
-0.12793225203346895,-2.096497682448081,-0.12947175874112488
-0.8028470758022854,-0.6825803061482585,-0.8901488685584229
0.40873225394106644,-1.9251523342303107,0.25864543760386666
0.7610273504074166,-0.547963560684255,-0.7388934726499369
-0.15061339479405225,-1.8580915821600525,0.07158628183870605
1.0072740632300172,-0.11635742784873337,-0.6992216390633572
-0.09249161479867987,-1.8146612671168512,0.27766548366406096
0.6634812400897859,-1.1809074941018545,-0.4307546320147866
0.7891730428560892,0.24554418715908088,-1.3866736641893935
-0.6449795024209629,-0.9831327067528497,0.7221735610159323
-0.7480865482488095,-0.4676358639982552,0.9518964625305961
-1.0669884534491967,1.2544424228380535,1.388818699898267
-1.029163247313631,1.2339603797192424,1.6081757507030898
0.1494937367630562,1.0164794013905292,1.827828021577839
0.07620929619528809,-0.2586866111858259,-1.3646972062451628
-0.11332461517777127,-1.2900568387784843,-0.879740336558726
-0.0167477680595899,-1.8098538320180355,-0.7456778294656939
0.04320209571466052,-1.8594317341843256,0.5890523607428806
0.34445720879694214,-1.793612116916203,-0.23447721583903408
1.6313921795477746,1.7044075108374477,-0.8867759009304982
0.5034514793884937,-1.5786423028333523,-0.15999575913957859
-1.5768747222961728,1.1648496930450687,0.731913807766277
-1.3487712402643761,0.15325856918065828,0.6562565103919407
0.4797968238276311,-1.603707981693666,-0.20881122646299202
0.7588457061091408,-1.5263926219938424,-0.27185391798136105
-0.6763989520634064,-1.5632987842980222,0.25909901692933396
0.8095762409653215,-0.6220442107472142,-0.37757780504246674
1.7199587186739376,1.6098868928798837,-0.6645715618649557
0.5788083249471468,0.8958139505432836,1.465299845092875
-0.08375689136760428,-1.5794215161239653,-0.6900585298102455
-0.30237628472486444,-0.863379258473614,-1.1488852785091306
-0.27631226325864344,-1.0721009800770012,-1.0495715067757767
0.0018249343091075176,-1.7984450630982936,0.5963815457133197
-1.0894886950163096,0.7079684793428132,-1.114234900734709
0.7183734668592208,-0.9911917145820812,0.8285435208588597
-0.24126741036402083,-1.9652006690747499,0.013548436639829103
-0.7507076522734506,-1.1166152868459753,-0.6935899873849217
0.2682468372428058,-2.0040529888130805,0.3364540779790344
1.3787276864652478,-0.12201125539142188,0.8013237317494234
0.1468959173722365,-2.0316806688482685,-0.06782066705634353
0.42889327843095637,-1.919284413203198,0.33139889727031435
0.5517573947377967,-1.5809273748985642,0.16715833814709136
-1.395927438426146,-0.035698562109764076,-0.7776108808291263
0.01404065169927687,-1.9402283187503673,0.0577591847057504
-1.5234270284989004,0.1103427939981585,0.24080523159019548
0.7576811141081751,-1.4850726625107238,0.1646216671988483
0.08983292697800158,-2.133663504248672,-0.05550958857394967
-1.400334542648026,-0.0996942434280974,0.22783207256023616
1.1582404316697776,1.6447953631687104,1.4123207473580714
-1.4519683320362857,1.8267719886857727,-1.5875869629640826
-1.043525655014189,1.2755921072125083,-1.4288806875861386
0.45626271922592837,-1.6716604417748584,0.5850750995153473
0.9187497759866358,-0.4766421802011289,0.9195088830745238
1.1010180398567984,-0.6127018146077523,0.33988098654368115
-0.6470991837884553,-1.4112128192084739,-0.1973185086068787
-1.2244704277400313,-0.31027560948076394,-0.5079660345971556
0.8192973195594233,-1.2259720801363037,0.29576671655847003
-0.5054197273622064,-1.936319709110976,-0.16980938396864362
-0.2806528134385642,-1.9351726392106463,0.07391779523724311
0.29745105250686626,-1.9346258632101376,-0.32792197889892616
-0.5164917609298244,-1.4672442937019445,0.3138658754147493
1.3732722699375066,0.47641227333720515,-0.6911432088593599
1.077360244256299,-0.3339017188262512,-0.5242113739168062
-1.4453572238554018,0.8127294079837348,1.049745262667055
-0.18497539299272447,-1.9107433092231605,0.07397616163066789
1.2168750780177193,-0.23460582907043093,-0.6816182915721631
-1.1845726949453055,-0.148007998676414,0.6705704474742271
1.238985118825783,0.1677562597913398,-0.7638815484362684
-0.2643535880878103,-1.890197831542309,-0.10579970548260607
0.6950558249155792,-1.1592412595346218,0.6469008170581654
0.9050476173007265,0.05346146478634716,1.1220080727919066
-0.7519533513838144,-0.8085065508179267,-0.5705495908395807
0.04623108061281629,-2.08620100291249,-0.009684469449026203
0.23509802446564224,-2.0344144485787097,-0.10400126718066403
1.2925171218819125,-0.49025460101889995,-0.19517394835544966
-1.708940358754231,0.9259249308635229,0.11029987564457283
0.5879976859455784,-1.6800254289656555,0.0167480531356859
-1.0297253003875873,-1.3985287770444514,-0.12093238336916874
0.07974635400201086,-1.9785517772110492,0.12408610355982605
0.023016503688483764,1.332498418355673,-1.7883918333308584
0.12506042076097737,-0.7298734963272429,1.1832069023693101
-0.08092549940554364,-0.8014164625308113,1.0576153731542253
-0.24787321584012545,0.3808740952843688,1.5907489548171962
0.3472142562345755,-1.8102253533706911,0.4043212215062075
-0.9006661951510955,-0.11541351302353298,-1.1521940614344162
-1.0032133043852918,0.7584082585448351,-1.150957011124845
-0.7022832672730596,0.016531603994618393,-1.1437352983794233
-0.3345586009765696,-1.73679758105201,-0.4535669684810527
-0.3591167986960535,-1.206282634801743,-0.7561920803616973
-0.500819041467962,1.2671608966846986,-1.6833505274876506
0.10325760521767538,-1.9512281868883339,-0.010140200379869093
-0.43795360566070807,1.802018947362979,-1.85316717848321
0.20505296539486284,0.10097593506877445,1.2317286672552559
0.7989816328699357,-0.6836235883753181,0.5394497211634448
0.06343414973678754,-2.1255766725126466,0.1046175977429791
-0.9158642648206872,-0.4020678042131818,-0.8174933472596121
0.7717649877804192,-1.2434609105981378,0.6258517425885674
0.9912393298206843,-0.8037153260619843,0.8297561719313922
-0.3500445938396318,-1.6981552856086997,-0.35881095947098235
-0.7216094441100295,-0.5438383265044076,-1.1494433037893432
-0.9291823731203543,1.8385045102950106,-1.5592517311531908
-0.14867006150698658,-1.4121730822857583,-0.3731185908657878
0.37809023971167355,-1.7239234176411466,0.5135802643853994
0.7743590714000707,-0.3516724936553077,-1.083205422635057
-0.38456543877327726,-1.5710100996602696,0.5861408722535526
-0.9595246905555873,0.22223270691597197,1.3346025789101237
0.6279157296147597,-0.7982176467771587,-1.044749923027758
0.2450037110229862,-1.350743389746407,-0.655051097954169
1.5241958201942614,1.0398561020071955,0.2882334049671078
0.037554604367178945,-2.100676219375425,0.12310551330990738
-0.8060356575970401,-1.3154319954185794,-0.010736601508702509
0.5814535879264232,-1.6217821419755158,0.1835845503278562
1.7267212368942582,1.145397604027544,0.236467607520906
-0.10646963659412226,-0.5876548452196202,-1.0650463037260107
-0.03705150592755602,-0.03404261163700095,-1.501922252707528
0.03564551087084834,-0.9691726982235076,1.170717777316386
0.2296814310249644,-1.1825608445076101,0.9055412489095027
-0.012402746753337555,-1.4159923869988196,-0.7113686618829446
1.6402924976469206,0.46078972621026537,-0.47086949715217624
1.6847007226077146,0.7760075617773285,-0.4989255728232009
0.7623758515049909,-1.6544482398366618,-0.12955223396683174
0.6730695849157168,-1.5349271331472694,-0.28268036503607097
-1.44682657817628,-0.12265452078762196,0.334724162764915
0.1899559878537867,-1.8900164389585394,0.4006857064477157
0.41575914233910055,-0.12322599823275171,1.3747829130903981
0.21559756938537697,-1.825919739002158,0.3814779689301126
0.35756541816852466,1.0881332531196817,1.7902839023020123
-0.37446966932656855,-0.5314107960056011,-1.168012389830813
0.5832387966243364,-1.63386228959778,-0.3609873035236821
-0.6909069769146472,-1.1209713811649333,0.7417762968612209
-0.42343905455880004,-1.4042658527910632,0.5707271675302292
0.326618083963765,-2.0640963118211326,-0.3923335909338842
0.8287750994735984,-1.0497545811224316,-0.7163785280678717
-0.19173748365703297,0.936993786717327,-1.5457711874485112
-0.07060205176289447,-2.044160176287556,0.26304247994294433
0.16991413602626187,-0.6372826708279686,1.0004465014007664
0.30386772713529875,1.8092121269720707,1.9912823154456827
0.35718406060774305,0.39976545869463775,1.489905985956281
-0.045663661170292705,-1.4811835413423964,0.5818666230872191
0.3559297549323515,-0.018263279669565202,-1.1921689734624297
0.26077079620665056,-1.8056953301941596,-0.2545115318432879
-0.2408132858553205,-2.012755626660419,0.42279398614850777
-0.057595556995684055,-2.0726083201553975,-0.15015795168252893
-0.6951890740833083,-1.1536364002080568,0.45821739663138167
-0.9871885091031034,-1.1806019665462886,0.6852228564436013
0.7729640547041009,-1.0670641399662688,-0.4103035825350794
0.553908891035458,-1.7295346739549613,-0.38362098044348913
1.3877435366295912,0.6936558363597398,-0.9675504889838171
-1.03590326927888,0.517702164679049,-1.0506823096251077
-0.12731999756873005,-1.9256696674820226,-0.06909049353563876
1.0416498127895135,1.1607848051589698,1.1465489732090755
1.2132260493435478,0.4179672545509652,1.2191751634610004
-0.8364823693861722,-0.20123454196881863,-0.9944357778502773
-0.4418895946536235,-1.6942595153549327,-0.4643291967058534
-0.7110768984568606,-0.6287931160633312,-0.7427335843455288
0.957306115273623,0.31647503490086,1.0649072741728804
-0.5286746085687203,-0.8407781863667972,-0.6816789406767855
-0.3424893999676759,-1.954195363492902,-0.27334320659356465
0.16363463450491217,-1.8175744610826285,-0.10501101125093001
-0.994627140889925,-0.5912363893523795,0.27485758853502706
-0.06542705710237777,-2.0170034207544414,-0.12073121283188765
-0.41518634327057935,-1.9376178512245072,0.15708706051988286
-1.0391901089897853,-0.9978949302073079,0.4886494472050285
-1.266853587016007,0.2622455070846592,0.584334157663779
0.5503341010171866,-1.580563535356827,-0.38475452432538915
-0.33326872750146935,-1.9224088505346162,0.2822269867113296
0.3141647418308668,-1.761104589000713,-0.11684078879290664
-0.7233514029488168,-1.5554031227291318,0.13516076992754505
-0.08638989492153189,-1.9885018471151765,0.0031610515592746524
-0.8929544693611252,-0.9276081600538182,0.5164288204593451
0.013645693796145303,-1.8379106349653704,0.11840277850423274
0.8935166079492435,-0.898097260156761,-0.43295876644418396
-0.6282936396808718,-1.092560117658001,0.4341282372883717
1.1827737438038541,1.2532054702231092,1.3253177959091056
0.1828203780195257,-1.753138944300605,0.2629201463771378
1.011713709127559,0.39342313247750216,1.027706314906808
1.3554469070808426,1.4955994936434802,1.2939839811005014
0.5940295670299404,-0.44756643509867144,0.904393840164544
0.8302785926411226,1.0585364060985194,-1.6419992235800056
0.8494360047093544,0.8615535022633116,-1.5001490784788265
0.038666357098995505,-1.986305910206136,-0.37698343320382366
-0.6662147751439202,1.7428588446798767,1.7309804158911815
-0.8095258116298362,1.188699649142762,1.6973684533131566
-0.792122453619132,-1.2274927884724685,0.591684802035206
0.33622404592543803,-1.7221255849374268,-0.28322776192012106
-0.7247301096471821,-1.0919546141322436,0.6441350206702314
-0.7420661600707495,-0.6766371622642202,1.0073378015691448
0.5353911704370472,-1.7638273947094159,-0.41441570800468913
0.20732630650269637,-1.985749093447368,0.3263096867676615
-0.12120983636221319,-1.4749840223936457,0.7507113793693926
0.11650803331090649,-1.6714862064723102,-0.5011369912865602
-0.08545668528379967,1.8486611470258714,-2.163724247028091
-0.043609273345053656,1.6636642378151993,-1.9092665386402554
1.3017209801539456,-0.5848489352603424,-0.45124370446933504
-0.7902188196518953,-1.4920165293453358,0.12292838944418756
-0.9045157415995316,-1.215165072776374,0.2501147526087319
-0.05446486900897022,-2.0708948164536523,-0.12372036253573926
1.6898207314217208,0.9478739114496743,-0.5859809791283126
-0.45524065732460123,-1.8616912020658598,0.13238079692667015
1.5912828752827173,0.7297269548990917,-0.40850635136290403
-1.3509035086244037,-0.5129896202026853,0.24129470667148956
1.3454500026199085,-0.19879613083868297,-0.3121253858578065
-0.9500041748602758,-1.0363354591968625,-0.015020226269803871
1.4102652051448346,0.3536597675181672,-0.3688874273752891
0.3309106439394275,-2.0389283268408738,-0.27340681705033415
-1.164780018547675,-0.3209127513677801,0.4507808301035435
1.3254136875960647,0.414357014502579,-0.2985475881726093
1.0221461731880814,-0.6410062667853484,-0.47797343610758514
1.87679812290852,1.8117061936471943,-0.41966324548298684
0.1426911267428623,-2.029170633663564,-0.1255624614573824
0.3459137971827464,-2.0015594615481893,-0.06337362144075857
1.6161137286201912,1.2985071868696654,-0.2622518800061731
1.982784101301261,2.0599438921424618,-0.49987299609507185
-1.589602082423277,0.3925324546624154,0.540346183068813
-1.801748625425064,1.7612669978517124,0.5842659177550861
0.10426225548941215,-1.8584254825636337,-0.1513007151944914
0.6559101470940913,-1.2968099174380132,-0.3616125269359114
0.18912079933455297,-2.0581060021031448,-0.15154475901330977
-0.38643404054475894,0.46086652151294283,-1.495516777837412
0.06976344016136388,-1.8453469034464143,0.46911133193810045
-0.016825322337560768,-2.021442156973549,-0.02353898881974259
0.3009518040608935,-0.9022298779256712,1.0501604889793403
0.02670805864791366,-1.8637425902921183,0.22889233753603547
1.0080407390460098,-0.8281405108203754,0.6726716031877856
-0.4776047272685717,-1.5802279416759282,-0.2327902516754713
1.0701322748427824,0.4828251847951863,1.1779130412955847
-0.7944710520881653,-1.4354167658350885,-0.648002450935546
1.0131531459758918,-0.4157804297959635,0.7462212317370416
0.2817177747225762,-1.8166417649694628,0.6593442541166046
1.0078202542191965,2.1396020912297935,1.7451845698014095
-0.053254653993354974,-1.914244485059837,-0.2193929915270787
-0.37405312140964103,-1.6236011579470224,-0.5677867108401292
-0.5873349903222238,-0.8309555427707438,-0.9145383735205976
-0.3417588060334248,-0.39983879635267616,-1.206111599081888
-0.37653725269120863,-1.4685125742408092,-0.6223362792336637
-0.4150649492657171,0.38676712140986513,-1.456896840438894
0.5070509325572293,1.5950598492103438,1.8338378706510103
-0.4656173403568865,-0.2921896007927107,-1.1164506791234605
1.524361772118125,1.4497360917976914,-0.923646517090028
1.24374113938618,0.34132046269524796,-0.8588478595828204
0.8130598178784563,-1.2393535679054746,-0.5186656987461965
0.4402436355151934,-1.8440306938421986,-0.40389503691820494
-0.06529500453134444,-1.9109321975310123,-0.011411422303244073
0.409214547234965,-0.877544216912417,0.764483624749152
0.29406358431538693,-1.4816378499322402,0.7104420313075881
-0.6709526537246696,-1.0306039923888748,-0.7862026178719493
0.7796575623934682,0.12903915462591575,1.2064920160137647
-0.1844790173541071,-2.046121530408832,-0.1664463197607657
-1.1087969868929033,0.061722349546580624,0.9216237340983249
-0.49559781155291865,-1.800882761837711,0.13349260237420965
-0.3108000250253869,-1.9176310842031348,0.23072854085642605
0.19402430117788294,-1.8486838088106015,-0.4479280042214785
-0.38017182941593,-1.7858501661485242,0.4544271380270039
0.5374346353327466,-1.6715340847493574,-0.22641042233363942
1.2223490268586734,0.3099320768069962,-0.1352715117744076
-1.0967884670746306,-0.7847818663772508,0.08872449434870769
-1.1875286313922955,-0.11034820494132425,0.12898295287000797
-0.1871531380355795,-1.940111241922161,0.1018535484056626
1.5350973649739807,0.1671588547557632,-0.14291691200758266
-1.6327890515813173,0.5901870909711628,0.0829232354467562
-0.17480194027564985,-1.9694187018546017,0.08366130321805935
-0.23026868002369283,-1.8261015321569598,0.19600038642009104
1.3878851898144235,-0.50364229726233,0.04984018431241431
-1.4194037218380184,1.37067870402942,-1.0191013126308537
-0.8705436412586877,-1.151957151530587,-0.5915992384769214
0.7180560870194918,-0.9422672951418514,0.8061328323716459
0.4672165570608826,-1.7611552172943792,0.3287086064133372
-0.4575415686041093,-1.5848846612265381,-0.4881182193153067
1.572069586375896,1.6792277767353085,1.1651344449975678
0.009247542529484416,-1.8171039055414235,-0.05465921632136487
1.049435509137662,-0.5515019678842448,0.8321220693746606
1.073036660958683,-0.04988206893570446,0.7856554303520421
0.32234671367724593,-1.7776951344111798,0.059502752317702925
-0.6399329975469072,-1.3817710099183778,-0.49268368492509623
-0.016536502613457946,-2.1113821298310795,-0.16640285565271073
0.053430253780223154,-1.9102399766402105,-0.028294535919444152
0.8827420423203518,-0.48116369069701714,0.8987831773561848
0.03468785143115497,-2.0106288324283437,0.05890030822065625
1.380486715755919,1.7914596309959125,-1.5419255482946101
1.24694079426699,1.3227924879714013,-1.0947325486973059
0.6978733281515229,-0.5436371968428098,-0.7295031252450483
-0.22504895576593018,-1.760951543535233,0.23917639563424983
0.9278092388752677,-0.5508362307246193,-1.0167322949551285
0.9346585443676471,-0.6394394903528515,0.6327610343204582
0.6978919214768438,-1.4005918275788942,0.3873588820331814
0.29614755701545326,-1.8262040209842572,0.14338830117671955
1.4109224018821014,1.66840524049308,0.982612926016138
-0.6742242273762103,-1.0081081196861934,-0.6400780840036601
0.6538222104533153,-1.7088302274675442,-0.09914029790025665
0.6569786123841038,-1.4369080152447329,-0.2786171151440515
0.838864714763758,-1.0077837771942963,-0.20718362686807615
-0.27962026932310674,-1.8440336128778074,-0.09122072194500189
-1.9055551575945164,1.7345247458511754,0.49540711236587764
-0.39641217423147124,1.3390273659068332,1.7322734851802586
-0.13683637378341623,-0.9301621538419073,1.1257283114778711
-0.4558678098258939,-0.19769260399722086,1.4449315630805235
-0.06157823969532783,-1.5069283555445174,0.5661082896871926
-0.3115202701562989,-0.4320374690721009,1.0563301442908068
1.0491591483008387,-0.18700657108250485,0.5749033180888315
-1.3930902748257916,0.31710669107121703,-0.5753821000541217
-0.13978850838460188,-1.9666565879341544,0.035284398586752946
1.7712712272951792,1.4210360582195198,0.8094254806743842
-1.437942070006505,0.22898941467342793,-0.6914903880294234
-0.42629705427571934,-1.5032643750641428,0.5688011016002334
-1.0683658593564835,-0.0560793344271584,1.1313024159036356
1.2452191315311578,1.899966977027363,-1.5108370453305544
-0.6421028176520666,-0.6187186089357728,0.8818569496738746
-0.5279449736764709,-1.273606930624202,0.7442665878995257
-1.4665372669518655,1.539824866856049,1.0667783620316336
0.9212751311909029,-0.2587701198236274,-0.9858840292723694
1.121733091392792,-0.3114512093592763,-0.9628641007528745
-1.268150795708131,-0.20886672122982786,0.8596040666616842
1.3918299077355463,0.9274837169246601,-1.0220229146373003
-0.00143925614412071,-2.000210296157482,-0.03637141807268585
1.3355104506580278,0.756254401625089,0.8197837217438041
-0.48348101396782955,-1.9893514207208276,-0.11811201914542159
-0.025731168616569867,-2.1599491376131503,-0.04789346297803579
-0.3636232895429708,-1.7921768467702537,-0.24205171357037492
0.5297192148446654,-1.86029722970885,-0.045494591155134545
0.3660707246855037,-1.8672128104995396,0.017283097073745146
0.893705058664998,-0.9677092865626723,0.1751787415811387
0.45668198594959103,-1.68331101653597,0.1009876097532938
0.2593937464596384,-1.8797549098894017,0.04242902252756989
0.9331150271349041,-1.020864613629353,0.034932696288859075
-1.5814934046535833,0.3492183788471972,-0.12424909481054208
1.616014316256558,0.9965214196585546,0.30244043597030823
1.7229853286754224,0.8738776199114997,0.11926205014003449
0.022528344098854573,-2.0337767429321625,0.004181663983947251
0.8106733816206644,-1.1953586980963455,0.3290194217211678
-0.32951435102199655,-2.022036821324243,-0.20273072712051296
-0.10985631371623725,-1.8857808933355007,0.020721255228996593
1.1867754284120282,-0.0037492067923836636,0.8531280947003166
0.15452478079939264,-2.0127325982579998,-0.05797091434458588
1.2249165277146463,-0.2915108181547674,0.45087548392637955
-0.502747219620026,-1.5099483246258634,-0.20148677334505483
0.8947185426486086,-1.0979727460408415,0.2855206082604497
-1.160276941929994,-0.3474843601456885,-0.42161772995611846
0.8486592997104248,-1.5576091089232638,0.049778008241276595
0.08669672596415401,-1.8516313965024753,0.15703362907906449
0.007885481089314333,-1.932856256867803,-0.0030581538519554186
0.0015746564459744872,0.0861789915451654,1.3730513010787884
0.34618895047332393,0.6904575576181142,-1.7255601535360505
0.2090377594818753,0.3160569343938162,-1.478346080916645
0.03614101943628979,-0.4284728994530808,1.2452528021081475
0.12045536159014,0.7892469397548253,1.5517148134740795
0.014648316358994686,-1.9077881335839724,-0.3792899343176535
-0.09421921591238812,1.7208754540175504,-1.98388091112585
0.024048043990877913,1.0038599728855713,-1.7386372278984237
-0.3209008796568164,-2.012806446031312,0.008526100057395344
-0.9116544249820588,-1.1826309504835315,0.15215087029021462
0.22592461952216294,-1.9240033517465795,0.10788451998093333
-1.9863958587488548,1.8986225201362525,-0.1226048337927387
0.5849228664942085,-1.4984498661490708,0.0006290660612172927
1.667828766712758,0.9242342633180675,0.15756257030742044
-0.5536642983113224,-1.7303492591112375,0.026226327386251698
-1.6600294399618578,0.8750270625530668,-0.21768580298825857
1.7448298090434469,0.20050599928548737,0.09433246514704494
-1.187997314301554,-0.41493297019289094,-0.19641356366164925
1.005219303691672,-0.9879066858200984,-0.5565991759184851
-1.3622415405921389,0.6658993894555336,0.8987166505430662
0.7057311260463531,-1.532293626064818,-0.2988967211457256
-1.6554645535286114,1.023660461289718,0.9655028150544638
-0.5495585304744566,-1.547417408336357,0.3170854865462788
-0.31322300422598587,-1.7735934418240578,0.2537177663278142
-0.462019383753338,-1.4869634356416919,0.5593887101457228
-1.2280190431679767,0.8173954858468084,1.2794509433880232
-1.0007521175803575,0.33319194600901625,1.0603930321236796
1.078294583647769,0.3575835376845937,-0.9629220372178002
-0.7210894231804033,-0.17887476431290228,1.3228312661718578
0.2897180515492681,-1.140344603973932,-0.8091405440860331
-0.22346778795275896,-1.4616173894435844,0.6435603795364802
-0.6232101255965687,-0.4024142417866545,0.9153303232537896
0.9617325847301316,1.5185853088899606,-1.6213178550987342
-1.1782449405211894,0.6383555926464579,1.227590645949184
0.31610870303849137,-1.6216720926419301,-0.4019191677008599
-0.8873132915831022,-0.4339572526306563,0.9855963232650659
-0.6349305744241931,-1.6263286484711732,0.4603493350069158
0.6189962499214702,-1.4534633636639487,-0.5760718817542827
-0.6134858609722393,-1.1268755367677437,0.7873831075572124
-0.19217164371416112,-1.6148557336539304,0.5614615908097265
-0.9493434460183602,1.2043482623428101,1.6047676551133618
-0.10041530156015491,-1.9157183097355188,0.18949903197990697
-0.7083135553724922,-0.14555989751796794,1.2349534655897776
0.1506925480615443,-1.6222484243940152,-0.5334786847374754
-0.5669687269899519,0.004614145818997439,1.4800842142131785
0.5267214460322476,1.5332550007688366,-1.783979874425932
-0.24104189046188337,-2.0728524564522623,0.39583860521797004
-0.5541160194419755,-0.03353079507708534,1.3357318256200583
0.3955582747027589,0.44253148818208077,1.4813869121621102
-0.007976872821650022,-1.4672304509487568,0.7557979300053325
-0.2513744228539698,-1.3552797122556761,-0.8370423855185433
-0.5792324901136052,1.7976898998127262,-1.727165215565394
0.47891842784554306,-0.28743292006137033,1.1700057414792024
0.8187989093333262,-0.6690825961572024,-0.8071792279864836
0.38294431874263163,-1.6051852882757265,-0.423090868118642
-0.8554906217331252,0.4609058552699521,1.2627051472228916
0.45315859997848196,-1.6055322016444142,-0.32601220839288914
-0.7787529907234125,-0.7594703601911279,0.9598034446787239
0.19021716405479133,-0.3416508333483177,1.2455816233590848
0.06660894957256887,-2.109247565247593,0.28326032754122565
-0.11899739800494355,-1.7750257682640105,0.36951894358690335
0.03341530393529314,-1.673912013748718,0.6421085006996857
-0.18101519554916248,-1.888956676642435,-0.38029352923498033
-0.01847271799546594,-0.13610581416857045,-1.325843344092595
-0.007486136100021995,-1.9718378575692062,-0.23986189820547243
0.09897565217533646,0.7994269546808045,1.6347775971904137
0.07148220347672592,-1.9723009509309815,0.060950340131968615
-0.13581706532079346,-1.296761562553579,0.7101194115374168
0.1500459210006055,-1.886727179903959,-0.23296514757073683
-0.15326255081422152,0.04391560026768814,1.532478196012809
-0.10064497086261208,-1.8973678819937967,0.0066620894120052905
0.008523913641869683,-1.8480444146329171,-0.2801147053630125
0.512191707589992,1.4960455021269066,-1.9818955542983772
-0.378034203069102,0.4436401068019493,-1.4318468391960542
-0.21455947196062103,-1.3101811212722292,-0.7891001201330916
0.4972172563874227,-1.1254807607420774,0.8575892747465433
0.3749136387105951,-1.0767163901434447,0.8988674701708419
-0.6284618003446234,1.7485502743264885,-1.9367451718715625
-0.40887720091531743,0.4448449962554233,-1.433239753278837
-0.3496384507977148,-1.083989214937292,-0.8603116537563026
0.2130494096863752,-2.1043829889171195,-0.23201133131867555
-0.9533319487291038,1.8206149975954147,-1.8743805010196655
0.5794542874562894,1.8873165945665198,1.851532599509496
0.12280389886076092,-1.4418420202659532,0.6107815895728381
0.17489798257171796,0.029379104652732302,1.3161953293175175
-0.19110893092080722,-0.6043618945375162,-1.3639840081240704
0.06521610965358553,-1.0649406400547012,0.9775589462680143
0.05536943893592094,-1.892956222628443,0.2645900484296735
1.180073698380815,-0.109106549933224,-0.32245538578569866
-0.8732349803072372,-0.82913274454928,0.8480009076592867
1.8318509559028007,-1.5146065253445022,-1.1968695447527433
0.7865738054554972,-1.7733307190538103,-1.5363035978445545
-1.8452312039905783,-0.38438875804984063,0.3881928737171596
-0.6281708510135222,-0.2185288861648571,1.8221329450085086
1.8695128523682225,0.673039240775636,-1.5112514770378076
1.274509691472407,0.17081934226352669,1.1985268442488444
1.09204052466159,-0.9886303967660393,0.9557322240840147
1.4056195245951333,0.5301303567904365,0.509138154702689
-0.13514633368869156,1.3633087248848228,0.5273630446023225
-0.7570007628397506,1.9786132352192274,-1.146202744296077
1.6212904588550043,0.7121790669549473,0.9298567854705095
-1.2385293835843583,-0.4385503680453011,1.4588527445483424
0.12526210439496266,0.2450313475747672,-1.371877327857884
-1.7884872558105642,0.8080504421102828,0.9656969588261011
-1.3643000205900213,-1.1001292021579947,-1.990344804832798
-1.0392295884922125,1.3614391311866902,-0.15150503305386076
-1.742003809558196,-0.5120181969060105,-0.7593977430486785
-1.5647784935783449,-1.4037782701594308,1.1801932120798204
1.4184343269879847,1.9211286836505823,-1.0228088136209275
1.7985324446282847,-1.8272833346252257,-0.19158468276779939
0.8851985031289344,-1.7370314600761203,1.0615511060681744
-1.2956901532801233,0.31841154518994985,-1.5945284379087288
0.4315487582165094,-0.3655101859185441,-0.612453730223701
0.2957614521999603,-1.2230136066506918,1.7532701504577735
0.9173197593554585,-0.4401813097304603,-1.7808780231887886
-1.859628888127573,0.7175528758125873,-1.7780330179582577
-0.8056362758980327,-1.1525357332334467,-1.7357973669069984
-1.9561624423221162,-0.6196199297881977,-1.807239343388769
-1.453577913152921,-1.1577214962045725,1.133150903184585
1.6521073962633084,-1.7784691479427566,1.5544892068993819
-0.8468248381839012,1.8938470935792973,1.2913424225231154
-1.0140968416786365,0.34595842319383197,-1.6031490966740463
1.9109491297988033,-0.3095187805850066,0.4357409743223766
1.9436770095392655,-1.195832197723567,0.7453182039567969
-1.3673187497890469,-1.2603501218177282,0.34756149889735966
-0.882320172908059,1.3078335805689543,0.6613767083851805
1.1687689918617212,0.6710768239973466,0.33788176715705154
-0.37790492692833677,0.6051758624605497,0.15882282177368934
0.005913453996689189,1.7825821808810778,1.1302613545315716
-0.5964607953694161,-1.6829406050037088,1.5023648875479112
-0.31082193294095495,-1.4256531453145973,1.5085806308628107
-1.5274137015982276,1.7867418112757338,-1.210855842016819
0.9066021639310389,-0.40076889538850446,0.2642653452189183
0.7052423708604523,-0.16493438396452342,1.6077840852746625
1.6078670718994887,0.7251422191469525,-0.532144444886895
-1.4113440774318255,-1.5805098048373698,-0.5683067707164402
-1.6874589006746392,-0.4039164977812435,0.29061641332896393
1.2147853424588213,0.40999252127214625,0.5024072628219285
-0.6688780686378952,1.8336342791922462,-1.170084746828401
0.3947297483351484,-1.806643908182643,0.7506899046379907
0.15086992204072702,0.23203341351532858,-1.041014783265327
1.463558064603403,-0.6489465278094948,-0.9316639537737235
-1.0205792614885514,-1.6924106722083554,-1.157592216748859
-1.8938072146240992,-1.4022149201019896,1.0140165607338205
0.2955533352696702,-1.2749371681854225,1.015059927170035
1.5254760662117435,0.5040163052258402,1.2534236206792118
-1.573143371952514,0.7931208258243378,-1.1332137876129043
-1.9278596560635197,0.6650548074984779,-1.3870460436077976
-1.4664103102946418,-1.1873947588750453,-1.042675660649476
-0.4228051751133961,-0.34418452591726556,1.264659354456775
-0.16457819832664633,-0.05347548742356967,-0.6026809148595733
-1.3297677859018533,-0.6533599856340597,-0.5481580139327247
-1.5044820472004843,-0.41929907297887103,-1.013242769480009
-0.8672713721805905,0.04676443021964749,1.5500613063910573
0.9712013579149015,1.0670391913335808,-0.26428409485847393
-0.33219066229916994,1.8069388618453464,-0.2002045785906188
-0.9114595897230924,1.293570885415047,-0.8455407973328093
-1.284755344355331,0.01327692382770218,1.1104104701692266
-1.7278611842705032,-0.4852521502150866,0.5762140729313643
1.948681737169054,-0.5140944994425194,-0.5561492743694703
1.9061146639273043,-1.1291556064108241,0.6680454841952432
-1.813165196197343,-0.25266888337518667,1.5509596215781487
-1.8208856215320708,1.2504320661583224,1.555069003404416
-1.2779908663832789,-1.311368723580264,1.3432694952501958
-0.9762865774408507,0.37669669677658524,1.2861656183627748
0.570234727835981,-1.2170421068248745,0.33743713559060273
0.616331751642031,-0.7961462950110509,1.4632945840772567
-1.9060627931553666,1.5693214122809138,0.50048818084454
0.5449220372549739,1.0200372491888205,-1.287583577678543
0.2469942482017613,0.5343293900605155,1.8894500671685903
1.8929931282824897,1.1892852501925342,-0.1758684769464618
-1.7000270947893674,0.4720106087115643,-0.7405678436586358
1.8658578287995495,0.7632083536253469,-1.0114131896431293
0.1446530087897555,0.9578006797064709,0.06453676385425
-1.1575204695494654,-1.8595261895030837,-1.1184305792223692
1.4701195230174449,1.075243385623188,0.5024238206186853
-0.34006143941102174,-1.058981382345074,1.7234672339559642
1.2267702736564114,0.4940891707437598,1.7915996169744806
0.06947527449483148,1.285973242899345,0.1683071494153836
0.991980723730761,1.6029768064302004,-0.6871648126210341
1.826003947443835,1.063516734314443,-0.6867396352082644
-0.2421890266709794,0.9623381353460747,0.36747079318214837
-0.9436667722356384,1.1614899487841832,-1.7011803959156575
1.0716855403571688,1.3232655813782066,1.87320445950881
-1.9236805588298398,0.1926164964785908,1.42502335273939
1.189993552618854,-0.5086970982188186,-1.6173432785748494
-0.14755331313305753,-0.5504736213636567,0.37289505782950405
-0.6987999666015736,-1.8147561827286038,1.6124290064035534
0.4999837001762102,0.8138965003696668,1.0565136635625385
1.8161982384713449,1.8710417538749535,-0.6132788187132143
0.09769043382811082,-0.04502440196695634,-1.0998751290855275
-0.8935064423016215,-0.4210288148874821,-0.7793842442349113
1.6659708293304631,-1.1725155653623673,0.6688084218023067
1.2147579241287256,1.2144066476798319,-1.2255655943158787
-0.2575505650331267,1.1758567370656512,1.0311189148603082
-1.7087255051116048,-0.6460539134652579,-0.9465220322900318
-0.3960686808169256,-1.735353086059793,1.2619369042739423
0.6565899745470491,-1.2325824335248132,0.8814642851994541
-1.996269757159566,1.0342567703771834,-1.0378188263741115
-0.3966793534682447,0.5129313277155894,-0.6908568822162398
1.7285558033535096,0.46795688594775164,-1.9148091326328758
0.335129227884317,1.2443096721052829,-1.4150468369232696
0.4400313176282866,-0.8831143492686193,-1.4671312355210846
-1.6576689900784571,0.2529629961377977,0.21808407862204504
1.1117489894021846,-0.8532044073584846,1.6979133362330727
-0.7344309841722199,-1.7052156231802194,-1.4663475799714667
-0.45759191539316557,0.1344299658112602,0.16896683942957358
-0.632946038438865,0.2801814120634556,1.708439607815956
1.4241054373183393,-1.808545131282512,-1.9981378314698857
-0.05297527120664558,-0.01692891173284794,0.6187238900054983
-0.2260194454890989,-0.12609357127166465,0.9767492735573868
-1.0469476775418216,0.3607895674373336,0.9950452670118652
-1.6784854859934235,-1.5610112805770173,-0.45369917107169355
0.25961175713207574,0.7747760995586535,1.9625868034028882
0.16530317785793125,-1.758438902893198,0.6236798875289042
-0.08471136820064196,-1.819064261075694,0.0546738033811387
0.7196388439440304,-0.8214325552487707,1.2653238778017082
-0.31260630798545996,-0.7911400680416127,-0.7668700778340636
1.7313926221962976,-0.4532687705419547,-0.11016258805390011
-1.8656679131824871,-0.7125843476878386,1.1151389149019844
-0.09026938904393278,1.0487729908302974,1.1129666256731827
-1.9887836522630806,-0.359392417194206,0.08461462320206392
1.7468442110788325,-1.6228015913756897,-1.2754511861672144
1.0936210635210815,-0.020762449907218983,0.5394517952264017
-0.38230102417194534,-0.4940721358531106,0.8963093456430062
-1.0552979984692876,-1.965620670047607,1.5964000750085034
0.023972214516593926,1.3406969837117066,-1.5097892939180748
1.3249740608950598,-0.10703195070781923,-0.9646734438643243
0.8704932350756569,0.974830278092583,1.113762126226323
-0.9459383359483171,1.9689655329358695,1.4570285891373378
1.5145058246584466,1.8953450115847916,-1.6599562852349172
-0.44814307537234743,0.1404242592543703,0.2869940315964299
-1.7169782682710975,1.779753230383612,1.9969852236927048
1.331962241642298,-0.9893152015469435,-1.0211947440133478
-1.4374762057754435,0.4740315507303423,-0.3848859172742629
-1.4910380368543739,-0.6535801643310117,0.22727674394194608
-1.49113426161267,1.2222259792973862,0.7180190316429442
0.47703255817991064,-1.3994849235472335,0.529483223271721
0.41043227322953957,-0.8781747083290585,1.120581713551669
-0.14437693513813654,0.3570669269335216,-0.9771477889592943
-1.0288447033349422,0.7548390959870792,0.9834386420164214
-1.54191185501233,1.825679888897617,-0.93577121109
-1.8856027975879552,-0.41079589936605654,-0.16697801053607897
1.7913636855510355,0.46068864060746995,0.5242893538425184
1.9290529336749915,-0.17987135494360418,-1.1422697283826877
1.485978475187951,1.5588459152865077,-0.13553609143459822
0.1987849557547734,1.676706118440888,0.5093814008066686
-0.4541595420469551,-1.2170828165273129,0.09500994633755733
-0.6318723900952721,-1.7871351557014101,-1.6326828272807457
1.6725867399606709,-0.22142985238255397,-0.8297898664366645
0.5707157803112519,-1.0721807006891773,-0.8275741793027289
-1.71504245931657,1.8231060801574168,-1.524269408437739
1.1793508060357412,-1.2094240854608187,-0.13826405196378033
-1.8230516957903675,-1.6395159073129113,1.1955455229065386
-1.4729768792184297,1.4344790560305194,-0.891929922649723
-0.18959154284062452,-0.2717767091510548,-0.3768930439310454
0.007341557937742493,1.9867409730794057,-0.3457935361837201
-1.32632991946322,-1.324542474412434,0.861416939051141
1.2520828137669664,-1.874173243771875,0.4775896123942154
0.8770824970324171,-0.7694392401745755,-1.730304592031271
-1.662462529204404,-1.5635979703330904,-0.7598001240883461
1.3352423098069655,-1.400991714285714,0.6437149090921377
-0.09167814751027326,-1.3519444606339612,-0.5548044315843481
0.35986055481595214,-0.6585357220368624,0.7820851297405342
1.6900930678863793,0.17494495430021262,-0.3845977073722149
-1.660243341656697,0.5385238798843206,-0.5670241267001539
0.6067826561212439,-1.4585149795851855,1.3304763130031025
1.986759843597004,1.5204450819854682,-0.04683455539025294
0.31712537613084013,-1.6764617634706127,1.8362000814214503
-0.30471269601416884,-0.3401050114101687,-1.1198383812149544
-1.6092524204468464,-1.7562871280958303,0.5608123829959504
1.801598773063331,1.815666192355894,-0.35994885597543247
0.5378879073166907,1.650209171765721,-0.2678758858396604
1.8759661619797243,-1.7577315001783842,1.1957723835156764
1.3396833005829034,1.4010185810444242,-1.5561958570398882
0.16971201277660297,-1.9345283835299747,-0.4552185811922147
-1.3906967608057133,0.725326583616662,-1.7901470486546072
-0.4663142980674384,-1.0470455250407453,-1.244756496915159
1.0196809289787834,-0.4427993751131565,-0.784246305103403
0.2555960878551429,-0.32988827411386135,0.573022235314629
0.1601308562225916,1.767177453344814,1.3508122083543936
0.850931743484062,1.2031093885318307,0.3364947098161788
0.07972868858965398,0.883581211704644,-1.2166874470278506
-1.0071098908761233,-1.5691610098006903,1.5116903027389945
0.25219846961418035,0.12075343495663171,1.8407981354517915
-0.12375617821016327,0.8784076561949754,-1.150132487528829
-1.4903884738986708,1.8455827417232937,-1.8331638900640543
0.6932759528693437,1.4398904278865952,-0.278843668605151
0.019065161981031586,-0.4422826119887815,-0.7341317429496921
0.480639711275749,1.9670892195586798,1.597979963835404
1.9825787651625273,-0.7128857676191656,-0.6454953226781912
-1.2028704515308544,1.9671482788089536,-0.559773928441389
0.770592664006517,-1.2408618769376791,0.99845571596199
1.3326320076405533,-0.31773197365513717,-1.8549431347560255
-0.9093687536054764,-0.15991387115721656,0.8115996213076428
-1.9682671051117087,-0.5135678103242012,-0.2834470664899582
-0.5731244968372651,1.7540980752417186,1.7468164271567312
0.9777893259662807,-1.762734062386158,-1.1232807445891964
-1.6956192295168333,1.3007435377604848,-0.653930501024286
-1.4403135757040335,1.556972530701557,-1.6161625122166465
-1.085414211953391,1.7958307922968975,-1.8502393850696652
-0.8583541438370692,-1.9514226225359823,-0.9912025053302083
0.02322202034582377,-1.012608581060026,1.2062894035668936
0.9127761869828617,-1.474143683339332,0.10144595955284164
1.934331090568317,1.5343022586011918,-0.5967531929688126
-0.5494346626181099,-0.1883863259769476,-0.2728426961596404
-1.3748660417607477,-1.372843556051858,1.268716753216046
1.4319635066752237,0.7819010965893649,0.42959536027709166
1.5869984955535257,1.403591247478551,-1.6728609298663337
-1.3757522968701874,0.017027916224277462,-1.3635444971498876
1.88826920478698,0.0684187259522453,1.676308842702865
0.7214207110444457,-0.7677933598283659,1.3013723875030205
-0.1725892720455664,0.6561142295454832,1.9335464870606995
-1.8881837489681987,0.5287720328194778,-1.2252212611824636
-1.2639981253929422,-0.840885565348191,-0.46194826881868156
-0.19300385089963346,-0.029160692705397562,-0.9791545550330909
-1.7215409630459955,1.2509899356942822,-1.2095871081415384
-0.7790725265982164,-0.5710858910351981,0.47381188762942017
0.942314774238564,-1.2928808308049562,-0.34915160351298047
0.09828221428723882,-1.3301967406455115,-1.3320532047597466
1.6479854765559439,0.9874493436691334,-1.258498902285163
-0.19203129738590663,-0.892406109175397,0.06396350569336207
0.44673026803484683,-0.927977307665937,1.5143787138242244
0.3803354345562724,-0.5053923909295488,0.8522566519222359
-0.4024055273027729,0.5065481517209598,0.5096119013129718
-1.3430777888466046,-1.07332408057411,-0.7748244339789054
1.1795639303520673,-0.34566460847572245,0.14599815928697124
0.6133696480909996,-1.2480955253928476,-0.47403456224055107
1.5262179340398827,-0.8693875273461296,1.9577895231918707
-0.09751963370397876,-0.14706993361681242,-1.3692713078295298
0.899942149312293,0.2559455548334131,-0.6577196372775855
0.4101927930873899,1.1331340584396434,-0.5027606132807705
1.0354509778302194,-0.5239494080926281,0.5039440993820934
-1.7061143116238018,-0.6247145639665295,-1.7024234824114934
1.413733432591501,1.428798626499967,-1.9248217876295168
0.7299618164119099,-0.7663030185989701,-1.4710360938783267
-1.0060127490714348,-0.16780563215496969,0.31236098209185004
-0.4183143992684095,-0.3241183642622545,-0.8524207491793026
1.101520422036553,-1.37697253337027,0.13409651262430566
-0.5202950140700291,-1.9384727793812169,-0.33087193784131186
1.089504507950486,0.07484642957921483,-0.8107472817041073
1.9782576899640096,-0.601357491632426,1.7502960322148904
-1.4147308773823415,1.3542999554789925,-1.4934977255482562
-1.8348582832033054,-0.737220773951365,-1.1728645696066744
1.4113571666431226,-0.30553217994941173,1.1262156183846117
-0.7030063982738728,-0.4006277869769099,0.01728476731023809
0.25909555257851835,0.837299740765471,0.31271347226818413
1.6085168004022754,-0.8974134100473434,1.9326931104549283
-0.7396064233821584,1.480599965857409,0.6685743761305267
1.7609930033481702,0.65072630096825,-1.0594768994235073
-1.4689147604822632,-0.4391326642631763,-0.20847950322222975
-1.0960603107418891,1.8814173910578669,-1.9735843307370313
0.8618057557541206,-1.3331559574313796,-1.7467671717888993
0.7556281881021669,0.9768131758794745,0.3265234610517367
-1.6243949494872298,-0.006729274843285893,-0.2631576788517669
1.4738872789346402,1.3078964045260295,1.4790990120257597
1.356340192515023,-0.08426663845815074,0.46640360592841956
0.29643333892765344,-0.5592280141096988,1.1062112644483268
-0.6363812472825607,1.8483487755439523,1.8863964048552284
-0.31714974192448864,1.0401994429428512,-0.08010339744582007
1.3341516904385178,1.4239295694606633,0.27540135184271586
1.2376612694275075,1.9302076076684873,-1.6772013306791895
-1.8708847117431038,-1.923363372043116,-1.5540596070710322
-0.0732033184187344,-1.5743703921798935,1.685647047834474
1.8413045091473026,-0.8860744001802501,-0.16776807532572846
-0.5387650477103749,-1.7105810125584968,0.8195178456508048
-1.629731075291465,-1.2395100844689604,0.2882444871309482
-1.9928497448292037,1.9219834580372002,1.5647012805956235
1.460887652454721,-0.5547000820743495,0.886583422441019
0.7521008030084109,0.06659171030281197,-1.6598461901301684
-0.9893646705529457,0.3460204801752229,-1.2210875231484546
-1.5259234971685092,1.407419518337484,-0.9739220597639133
-0.47234331261461815,-1.183712829530379,-1.5714052954095696
-1.7951371864292929,-1.6307494780491223,0.34229616906110927
0.9765813257116789,-0.17288937046589448,-0.32016472916985794
1.5617421546533552,-1.1167166697318245,-1.671074707920667
1.686614646449451,-1.2512516082489364,-0.15194321251128917
0.44295113896100835,1.7378201551356405,1.1176790822810525
0.9626996521820939,0.38885396593415855,-1.9046993719711653
0.578846296910319,1.5115148896643409,-1.074271124778662
-0.6478916697030197,0.43273823854965165,-1.7263249989962945
-1.9781777883469238,-0.28511291806297123,-0.09790282587764665
0.8775656168489006,0.9546669905993772,1.8121212202156745
-1.9115772066208527,-1.404482022912847,-1.4410791512903245
0.17384342855270285,0.8888782407955773,-1.717286741259496
0.14154994471872273,0.8488138393693037,-0.8845778307305427
-0.4522238163719652,0.044577437149159405,0.6756107004510277
-1.4613225420117968,0.7758165998253617,-1.497173548539259
-1.506466049846913,0.24318862963046595,0.11837258210021417
-1.6776491830300517,1.7113756715686668,1.0413024854601352
-1.1253638429796946,0.5396506204987834,-1.8442925784524395
-1.8046167926208834,-0.008200781461285,0.774762397465877
-0.5601660661548573,1.674734715692626,-0.24062484617494517
-1.7183602245161391,1.586357673486006,1.435392223675247
1.7903195950031146,-1.3179029891412646,-1.1730760730340406
-1.2817373951432498,0.9594598031605264,1.9346285167923876
-0.5233398863732353,0.5859883529645238,-0.7335828497462504
0.6552232716067548,-1.7746505750701878,1.3614994273827317
-0.1775814388225596,0.5619280551681269,-0.9738523087342732
-1.2874227817083517,-1.8693680534898727,0.09604510599411098
-1.122979245741615,-1.2147224995147954,0.7608799211236383
1.3584715098308133,0.919136288684872,-0.31992857970448974
1.3592584386102677,-0.7971616243516859,0.4584139584909961
-1.1204250282955295,1.1142276014819852,1.6165138179511658
1.0438473473839482,1.759131473246291,-1.188516203444065
-1.7605658560855146,1.6687535374583704,-1.8919473639893574
-0.5059896439503753,1.05992747549426,0.9624723153200718
1.7047725314240192,-0.9971903817777945,-0.12922286713279885
1.5354846789865082,0.3347738729392171,1.5297760434747625
0.04412791080708223,0.036405163296417076,0.4042123623338205
1.5746248267244893,-0.754941231891666,0.8459638603249786
0.47788611048889207,-0.9323559467376512,0.873501160968484
-1.56910984523411,1.6849977321848804,0.07157741457234668
0.11623513886298742,-1.8064158646330966,-1.162011490838848
0.04661113996431476,0.8981232471170384,0.7242203767133346
-0.47286693482358455,0.5188644463703618,-0.07722811681576713
-1.7028431266925472,-0.7954554743185995,1.0839693076351238
0.9120360562118939,-1.3005293971010699,0.012420966341055717
1.992878191742121,1.6487425392762383,-1.1841415663088632
1.022792338273343,1.6162879238789958,0.32474154151197787
-1.8822330636027953,1.827853172661153,-1.12605586609692
1.3485769054429522,0.9938602066209086,-1.742393436975616
-0.6164845844070941,0.8550710805261983,1.1771228863864276
-1.328063381363683,-1.970512030762476,-1.8566291861605952
1.3935109425629264,-0.7772023929785972,1.9408471841180925
0.7232389283128366,-1.9643897891454651,-0.15949595275250372
-0.817737515014286,1.0304104393178153,-0.5804093906108467
-0.009044859327036914,1.0909050372246836,0.1724613744664616
-1.0578848902241114,-0.3159437350832732,0.46971435533069084
0.9664399492176163,1.9623788661175618,-1.5001859613542239
-1.3387456460500289,-1.173433958015508,1.5063199296985812
1.2857622567902358,1.5373101652625683,-0.29807259197235636
-1.4266367195358454,1.9356597266210898,-1.4491837575913395
0.6001256683849316,-1.3453635449760863,-0.43348780521039565
-1.3089876848799364,1.6813720206415002,0.3055804077939843
-1.7089310852346307,-0.9723217519605787,-0.9571836126552213
0.5430810388215024,0.303332897203791,0.11585881856448577
0.7044065057609887,-0.20039179935115659,-1.4776609049066596
1.949826255459719,0.10511249277085666,0.636990575768436
0.21788403844407656,-0.8022458795091789,0.7752633832173319
-0.05629767420107079,-0.7577843962338604,-1.4478988484668371
-1.3768693085954378,1.7457886343641005,1.81066078921369
-1.7680094444030492,-0.862170228608893,-0.5689780606730128
0.40274881937630935,-1.1083033002628704,-0.07612304010360527
0.7545535490523236,0.9434054157165805,1.7030828065000243
-1.9161208483502534,1.9052672430307203,-1.1845837645512187
-0.14390888390263212,0.022926984358364155,-0.9423396346773734
-0.3113182727768846,-0.7421230016286327,0.43039055662539916
1.115442026669378,0.6676382920852331,-1.0957405085204908
-0.7350178426688094,0.8784409925354488,-0.9107123640168009
1.2190213632944404,1.954819885850518,0.23617113548921465
-1.7749464031385065,0.8355165165371163,-0.9593966239412381
-0.8229044976579942,0.9006160995310899,0.573060700701352
-1.0897760817775008,0.870132468177625,0.5221679609490066
1.18862254513988,-1.354078008758473,0.5133111635644112
-1.7315034430683567,-1.8763261572514716,1.9902056503191239
-1.13205351739628,-0.01387245326306541,0.1431950036332057
1.7159889065444607,0.9835466853368215,0.3364367512113091
-1.8001110832558882,-0.7099339198716463,1.2993705285247428
1.0158931870007644,0.518080544524254,0.3790745715385757
-1.9661867839664304,-0.7761477632741807,1.0115318579859611
-1.2552893159280627,-0.7645781934108227,-0.12228701747047044
-1.0934112639012623,0.03132770297599485,0.6928392466502955
0.8875836391734961,1.763427844301276,-0.8955353089411262
-1.0270461915391613,-1.999991781259467,0.47883851689942913
0.45257698745188923,-1.50694016829635,-0.43603499433258275
-0.20460673260243434,-0.31674591243753936,0.7567155923717324
1.5001356061142532,0.4129858866535496,1.3082168220405177
-0.22488472867676723,0.5283760351489848,-1.190930256526518
-0.7984718021820529,1.9492365060524928,-0.21648815186623827
1.6044708775460057,0.49323790590083716,-0.8441815537740234
0.07555740231036534,-1.379508335503881,1.771874021904917
1.2990491016046697,0.6940123035036514,-1.8096951381710524
-0.15539037435884673,-0.7754785054951538,0.10312394188779139
1.320792303665832,0.7315454553502687,-0.559782051893789
-1.0014368714664905,1.4179950732808364,-0.6603253797440951
0.11336790220348014,0.40570406287645566,-1.5379985609490725
0.4222322090148136,1.2294938041215628,-1.757267033047441
1.3560189542959327,1.9375382115889908,-0.1266690712522287
-0.5857805864476084,1.5982392214155063,-1.8237173688905255
-1.1773996772221178,-0.9220847861999735,1.4849168420877277
-0.6006082555218826,-0.30742576922549114,0.8826079439558474
0.6111472993216842,-0.14775898390378472,1.3186802724948121
0.40802350139425014,-1.993277193480354,0.7071600002639973
-1.970871204071924,1.7780676526084442,-0.03583303354084544
1.7602203972499137,-1.6108964296744586,1.9366851541705299
-0.3955958618808224,-0.681136645590044,-1.621722170810958
1.1809634964410751,-0.21912472545415485,1.2914850953572423
-0.9265507513390996,1.104708399720936,-0.28213576740956414
-1.6492297882763256,-0.5262265285774816,0.18652232843561567
-1.6530140694863862,0.28630211982927545,0.08609043894090007
-1.1590363416184273,1.6888261063468444,-1.0335194667393854
1.3400199221651317,1.3640089288354966,0.2630186617782657
-1.4021108637957118,-1.6781340865415921,-1.956635362565291
1.976344566081805,1.9286927094647917,-1.9842534904419238
-0.5073153433310589,-0.4729774846356576,1.7524184833496323
1.1004734766570894,0.8619961015409765,1.181542854042791
-0.03668547823018997,1.5275729812019283,-0.8577729854375682
-1.548445711872775,-0.6636298236441109,-1.3439561518378564
1.5894740503333837,0.6167285259661903,-1.405578785853534
0.006795802491590841,-1.7313465253315443,0.7353465029764363
0.5578919743874433,-1.1152677603542003,-0.2246673837495483
-1.3678194573495555,0.46688190823346254,1.8625541656289406
-1.5011654237857917,0.19706943372989105,0.5816572875581554
1.8713939563864637,-1.9796254626924221,-0.9359253011280124
-1.811051417560828,1.3952697934309395,-0.2144870590339112
1.8035631059171071,1.0905016861872947,1.7889278531200308
-0.4512704334405231,0.4668841047150787,-0.31315093304955166
-1.4410037120451427,1.9333224525971175,0.5828268675065282
1.1252001445900897,-0.30909750751813725,-1.4001695542236607
-0.9045746882545478,1.9625144134287162,0.9109212162374019
-0.3797880821669053,-1.069999808678252,1.9109973389127313
-1.0167088688626884,1.9213419949019683,-1.200300013151951
-1.5324235261302728,-1.3432821251827636,-0.8146636529987683
-1.0062546700065558,1.193442519498288,-1.964650894404289
-1.7453194788257695,-0.29655016236774223,-0.9464038454694852
1.9611371203677344,-0.6958290932096989,0.8194455529094631
-1.0608612660152574,1.9650352691657011,0.9942223991475392
-1.305412385175865,0.11621097788186452,-1.3780105018858682
-1.6173026971118727,-0.3253061723600279,-0.5619116270360718
-0.7776902194058013,1.2766941328045531,1.3887210960630227
1.113411660516105,-0.9558318882371508,0.22889650704382225
-1.1745911924549866,-0.8539595817928416,-1.3062442722222438
1.1087019076812026,0.7554137591248575,1.0079607283130878
-1.619742696516163,1.7133251265054246,1.116713933546312
-0.13219700739428042,-0.23885412457236432,0.4135747503971703
-0.5953679689435485,1.763555480400452,1.6661310698034177
-0.8520973330162023,0.09072393242582333,-0.7549607532557161
0.9189587791913851,-1.5486847718184502,0.8093929950626668
-0.6069021207413607,-1.9561638911225603,0.9720864093652306
1.7421874189290882,-0.4546200986352331,0.11761089344412001
-1.0809049769950794,-0.2229177356544132,1.7137536269630695
-1.3526193205715589,-0.8904275517658742,-1.5074317935184647
-1.6904216613963934,-1.072352686306433,-1.829985344182378
-0.5981734746545846,1.364132250595877,0.8258932598079647
0.29871413761682764,1.442996142732933,-1.0500923782376708
-0.3898047482964109,1.0470211782025696,1.061382470501374
-1.9167060077387448,-1.3227929652988224,1.4855986603907931
0.02998943932342346,-0.9020287425068507,1.0108831118875305
1.027061045111627,-0.15579456534669855,-1.022760137697067
1.452937214024344,-0.609557576052818,1.332646710544147
0.3529381682355246,-0.3593274074165591,0.26568526551429583
-0.37863854984615664,-0.35252215490394523,-0.7905316523744546
-0.5055043996895958,0.49001605016479877,1.3903376103743605
1.679290809068854,-0.5332980420081412,0.9020056061422919
-1.6173665326767175,-1.521794222595032,0.5380648819674878
0.6899759171264712,0.08076785883557225,0.6743573917483108
-0.8609328909251284,0.4122045551508333,-0.7794194708485107
0.7864610571548067,0.8749940088555355,-0.1525781410181417
1.7265396778562332,1.7021872288732616,-0.24831307342551012
0.5259117399808342,1.4879191696225456,0.4126713364790753
1.7902362742975493,1.165565946481971,-1.6319023213079062
-0.12968842661503688,1.1573417641889612,1.0991647549756172
-0.24452507333047802,0.8183456579051152,-1.4039682148486983
-0.18078345820010489,-0.6893532072493294,1.1593671019689067
-1.0530190805262376,0.2561718718466244,-0.15541444842747554
-0.14507391589060203,-0.1791396363826827,0.780066534092374
0.24899589463224903,-1.358817936445865,1.9387541907403354
1.4091780234277715,-1.1919879377194733,-1.6897494427933752
0.35091393556038897,-1.418471944354215,0.33481777781463595
-1.5265189382891946,0.09227896497945087,-0.6878740278868674
-0.8170424284577971,1.263983007505387,-1.6364193803546985
-0.43388966053704925,0.6433432481395069,-1.524029667403807
-1.0147094880321057,-1.3212479248928588,-1.990514071385233
-0.9466423985184931,0.5549896548388595,-0.2882098678034728
-0.8031375636867479,0.5738914076014305,-0.9963693964268652
1.3640020019059564,-1.001251191875248,-1.5508950905969225
0.9078720382098875,0.5459755511333122,-1.1619941679795454
0.7955696693540868,-0.30604931179775363,0.39190924493149604
-1.3734114375001965,0.24535764234297597,-0.0376688163910579
0.12559646762640497,0.4135763054930841,-0.5319290840465682
0.4694627701630387,1.218822255253944,-0.6942947855121466
0.17310199935045079,0.2033195489442372,-0.10467010740137273
1.958048655999213,1.9402436326312587,0.2963249747271042
1.4064063805284888,0.2360290697595957,-0.33576365718676815
1.2918448852224773,1.6031264915035637,1.025894303313466
-1.9533154582341732,-1.5942567647293258,0.06488564652761353
-1.5356176608574499,0.5620522536954766,0.31725129445593847
0.7633923191854994,-0.14399370997911598,1.0988675606612004
0.9841802077548163,-1.7907939116199243,1.908446432541108
-0.8472256719200648,-0.8965425784536492,0.2543702106517207
0.784585070508856,1.921211772524237,1.053730222427486
-0.5090673852622087,-1.3049083858158683,-0.30724697851412763
-0.020280551586532525,1.6399629490153345,0.10073752861617669
-0.33380229225093894,1.9968827589858003,-1.7132328799623533
1.7985610948442972,-1.8762202933136867,-1.254297803433075
-1.6618598027601794,-0.5442252615605994,-0.9215286921029788
-0.6379418632040865,0.5883361975052601,1.889266004409237