-0.4409381499323426,1.7200418749566315,-0.6861925786722525
0.556919510337537,-1.5890064915504227,0.7274094503185438
-0.6865042868820668,0.1367044966064136,0.0354948620917902
-1.350042578844999,0.8176637085191117,0.3375743263003908
0.2578311395699492,0.07705930738436176,-0.0988991446591396
-1.8706477520833515,1.8547603654323408,-0.07577697556484352
1.1814561593179995,-0.9808054155760764,-0.12589078314300342
0.9970646269565274,1.9064782454604474,-1.4047366729538573
-1.6796213533612796,-1.440978884523595,1.5777933086093896
-0.0038709059648156796,-1.247305162185152,0.5314239451773638
-1.1167915971353297,-0.7268566215804484,1.0598346633043096
-0.42157671584146394,-0.20451694424170913,0.24042270215614497
1.2702928767807853,0.9916272349399884,-1.1167291186674513
0.9857645646555051,0.014604924841163151,-0.47209454213038243
0.9714741883101498,-0.7329384852382717,-0.07253284370422418
-0.20819393891145566,0.8767161503645023,-0.6177443660091895
0.9773490831132662,-1.9320865257115911,0.66700836941186
-0.13354837190131927,-1.6326208926895094,0.8558523367980195
1.258924238883365,0.005416142199770754,-0.6383322593729261
-0.7787030321597618,0.05364127879050001,0.23553214061174352
-0.09436761154524054,-0.9498682238431346,0.6126004869278436
-0.07253349628564604,-1.630958655806437,0.7102562799546748
0.48438366571452784,-0.2882633115442068,-0.3361215918666635
0.498187125365519,0.3643549973041224,-0.5226046622097207
0.21414727066570313,-1.9830541559619932,1.00230897446531
-0.4679726577186558,-1.289943811284597,0.8433384005046471
1.7653104378591467,1.2249999820067037,-1.5318587904215435
-1.7920146676167217,0.4731043529964443,0.7184669686859306
1.494537032757687,1.3173715992767125,-1.4327644123060286
0.4597866314024459,0.3287584161383272,-0.35309570541123775
-0.5197280274293642,1.0073856413396316,-0.09875253404176386
-0.7390599766792926,-0.010981907390539503,0.47992029107607337
0.08387546412772784,1.1225969281343824,-0.7378943010992816
-0.2561846664390395,-0.5629143575351988,0.4796376853645189
-1.5023658423780253,-1.0725684889281206,1.2262443682678346
1.5748005816493702,0.46797579873900075,-1.1180046976692917
1.397899242692993,-1.7415541738483475,0.43304447563805293
0.44588446348577226,0.15027196267489967,-0.3146175465671503
0.7649756010592943,1.7305783146936276,-1.2155051630577627
-1.3544824384345773,-1.5247201794572478,1.2684523185714325
-0.6480939443544719,1.622945955955562,-0.5304202542916223
-0.6845650697689992,1.7949167389882161,-0.515830086366988
-1.1873288041292382,1.6714914724306797,-0.03227384434906655
1.8413298235263607,-1.610539670039815,-0.25041494124827524
2.0993731378898506,0.22524726023879912,-1.0662971899677407
-1.1718850744514195,1.1477180058466745,-0.018642634561326255
-0.4635797498585382,0.4735308584129406,0.12751343829617623
-0.8541287393704569,0.48307813295024515,0.20426881378949813
1.2035068739631,0.7962566886213408,-0.9470247535047891
0.9152152750827472,0.5620020574892135,-0.5784521635486624
-1.666957655809524,-0.25556915246233997,1.0748903911941374
0.05447217512079616,-0.12677832102140096,-0.25387319455579693
0.6941920429990238,-1.4087445571657609,0.2661067852537563
-1.5015727310223577,1.5332937607766048,-0.046530512962034185
-0.4318427291521898,-0.13759637234087407,0.18417091037310512
-0.1907857658943784,0.1960324298635917,0.03897994973200189
0.32623529579683797,-0.7725333180277644,0.15122069066842722
-0.21830101615988684,-1.4631594863055177,1.0121526379084222
-1.1685277049038159,-0.15946678559111138,0.6439407164826113
1.435601832813751,-0.5355551209516716,-0.4799562341591564
-0.38555784198644216,-1.881533242147116,1.0208465061110954
-1.2540510625581947,-0.731324330761393,0.8110459360726607
0.7997205960687493,1.4747703056979162,-1.2094557598723714
-1.693200084937716,0.09768790831352245,0.956721331257743
1.1055734709137923,1.4295098268658297,-1.3641954717536584
-1.3369017041760909,-0.07807396993918955,0.7285393244841417
-1.2092298433771238,-1.2506348135467107,1.476340569398416
-2.064798056252131,-1.938828148482507,1.8980880909733016
-1.0537704206332301,1.6287864576103581,-0.26014297942000164
1.4679659717946887,1.8780072295740484,-1.6119334169695727
-1.9699097130830008,-1.8585467141278547,1.9575351540901178
0.7571883018436094,-1.5228583500382293,0.4056165642377679
0.4596210881166541,-0.18838670056202467,-0.2897088717827857
1.2694137446686977,1.3499726475825007,-1.4246992877402958
1.73066919482489,-1.695929010094853,-0.20926001842534042
-1.7497241331858058,1.4436592307624914,-0.05867737172049475
-1.7321655610738964,-0.2772505000366707,0.9120784021091526
-0.1121539002555677,-1.807480182161339,0.7280949012301958
1.399889309122648,-0.5505965828928145,-0.6093640631410044
-0.7523664335528344,-0.27924636804591935,0.7932871559007114
1.0930575539246663,-1.8544557248338303,0.4462251333549816
-1.2971686583150224,-0.7314657413625993,1.193674807716984
-1.4192543277206195,1.3313770217616376,0.05851161370472975
-0.8240119706439812,0.8230255909649768,0.14809209612311364
-2.0087553060801886,-0.4361018412127817,1.0947533339287043
-1.2310857306283256,1.0297920676047985,0.12441446174764667
1.3785835047972401,1.3481318989373228,-1.5245106455457835
-0.39188935798151125,-1.0510268296384577,0.7876606653829844
1.6214410136504824,0.7632762236754121,-1.2105846142102266
-0.7917845227992838,0.40573406686890356,0.005335792216269911
-1.0582230287267211,0.7795987275426353,0.28440896217094414
-1.65823381902299,0.3691487795523129,0.5318313970277192
1.2067824683032704,0.7550125159348438,-0.9471377781652522
0.8495465920859231,-0.5532903439133945,-0.02919068779486693
1.2608274701496487,0.7602248064224518,-0.9114377193050534
1.5876480752648305,0.09036203722992395,-0.9637979283630009
-1.1912807012428537,1.694915315607161,-0.5745051894147581
-1.1765057443915254,1.5864843376899296,-0.2326976404610704
1.0387738820562042,0.14904648422350308,-0.6439640519239539
-0.8617128020149352,-0.8016484477089592,0.571248505183554
1.3282935006817516,-1.7178469277269492,0.5044296134572434
0.04354872792211409,1.1617068963630994,-0.6849960139028454
-1.2145061395241963,-0.2792242536853724,0.7093766980305993
-1.5013140503969307,-0.5352221017987944,1.0066425806237844
1.6850468457945487,-1.6458246735611022,0.04128141447236508
1.178453524492257,1.6688838508188992,-1.3596526622136729
0.90232300130229,-1.36771847805738,0.2377331850811369
0.48786255776172954,0.7252120267510388,-0.6269509910991359
0.9724016445458953,1.0250830555304875,-1.1005889313063109
1.9192797578915683,-0.8820766994059722,-0.6250014129457563
0.3327004284364703,0.1007816994462512,-0.29637028696150663
-1.160393587647314,0.2639415332410889,0.5452285969449783
-0.28434220656888687,-1.0940302682883634,0.7708501943732009
1.060948896742344,0.04821316354769768,-0.46563892157139464
-0.33530503448284765,0.2912650660134136,-0.13572791670966233
1.221823757000752,-1.6276516983415341,0.2526054325207572
0.8583080946938227,-2.0520025952516407,0.4633050395108468
0.6189058164841578,-1.626324349911698,0.5598570988633025
1.7047461846230776,0.4020277133329594,-0.9561765853389756
0.20415295991311463,0.8765644911454398,-0.4742197878461637
-1.1192863480316348,-1.6123692334180952,1.1528002458448867
-0.9052252009593847,-0.6090049607743688,0.7528750413782332
1.3341710991260782,1.7665660061004116,-1.432002064404045
1.817124404941455,-1.7452349605310877,0.06891257010036972
0.6809913451179691,-0.44516197127000984,-0.1544481621692276
1.0940985000442978,1.2735735329191267,-1.144201542387195
1.6256221550884875,-1.1644788413340226,-0.5024584693891623
-1.7406135476528235,1.4809748216294094,0.14280719295058827
1.990326034344028,0.18174155157502747,-1.0852963117246606
0.37700314021495274,-1.7758970172705766,0.6680387201377479
-0.20889775735265426,-1.8373320861245153,1.0693066012007806
0.6036671334758619,1.5321259957387054,-1.0522527803862964
-1.1640356585029423,-0.5251412476538513,0.6843135377280282
0.6033295460214552,0.07244698230098567,-0.44958756538312966
-1.3546778691387569,0.722283739727152,0.22791236095052025
-1.3030303257005884,1.6866091182837224,-0.08288226719673697
-1.6477208858597352,-0.6751189312426114,1.3817719589748196
-1.3511291398762482,-1.0034411491211315,1.3509573089050182
1.6038219447342337,-1.6100575154212682,0.12838411808886543
1.7151476332110804,0.9670508806247036,-1.5373243946888107
1.1363962731993993,0.7277913115505746,-0.8076070496715043
1.5692311116139903,0.0507204756950932,-0.8658250944318546
-1.4835200327463223,-0.8195989252497311,0.9838054437272801
0.7602491919559143,-0.1520130116187954,-0.1970938921726953
1.0345250686955416,0.9495309432721524,-0.9679451962703044
0.0461603345705634,-0.684022059517984,0.4018599874609155
0.17161556698959737,0.5318324739179596,-0.2816773977595577
-0.3817007272086324,-0.2754588970680583,0.30157021507183723
1.405627241436492,1.5380169360904896,-1.4708705601240075
0.19189328346864332,-0.47413015779513823,0.3579985176140449
-0.6633373496316126,1.8454097777411773,-0.8392919070931137
1.340123383531337,1.6685941732107927,-1.4215747485184875
-1.044737728757573,-0.4402302536440361,0.8367737239017339
-0.7062528424485259,-1.2207230515962662,0.7958037210877837
-0.37576848134492047,-1.3392472274329905,0.6596834425120186
-0.7602694609571506,1.9693389670289698,-0.594312707911714
-0.8407678436544295,-1.1976258556764472,0.7307788213970139
0.3471396579447838,-1.2974188741706805,0.49760903437209597
1.090302777948675,1.3891506883614233,-1.3094345199340156
0.6728938695848478,-0.07698045189383668,-0.3301422995179982
0.9491456926463485,-1.2451054908970545,0.2555467057198332
0.2960494274389215,-0.2146767935652219,0.026203952276533025
0.31120119320764483,-1.6456082574727005,0.8093399652569135
0.5318121120841446,-0.2436853455157413,-0.0873452208777156
0.6920293677465553,0.48950945222725023,-0.6453041422719472
-1.4658961853733192,1.2703472760924042,0.21767774974153892
-1.9666907646898262,-1.161145412072412,1.4924130349299878
0.844993278563164,-0.4908087981381697,-0.2409113527760333
1.1125018371526334,-1.5501544324035386,0.3567502186241528
1.4132938673859219,-1.4710191175034728,0.12771073151727183
-1.4778845415550819,1.3820958121089235,0.0008505206796482478
-0.10898647694536846,-0.5934652896748311,0.42318342873498255
1.6305844807618182,0.20066404421510065,-0.9654383984552951
-0.223013620400594,0.36941812737206225,0.14350720584896257
-0.3488877982116809,-1.2956910072164067,0.962433818048389
-1.8139271725224504,-1.3299245206784134,1.2873030635056133
1.7845458227557915,0.6219255583800528,-1.1250264852666971
-0.8782840858319395,-1.5080830734562412,1.4138913827720763
1.4335237439119917,-1.1396983885109877,-0.1652226314583621
-0.6423732742827464,-0.41667687369679085,0.30984252451496375
-0.45472472851075435,1.6425444862446612,-0.6220686633588468
1.5059022355929934,1.6479316747135093,-1.673642317288737
-1.2409690495067447,-0.15450696482284315,0.4892967975466115
1.870099287754606,-1.4119470830383545,-0.06631921498788881
1.5446658785775809,1.0524909402688236,-1.2280028780340442
1.903757786067717,-0.08296744988873186,-0.7155435601091913
1.8106026491185843,0.5392519681415701,-1.224746583469253
-0.018288329626363814,1.5613431114748149,-0.8385713506199326
0.705476060011879,-0.5317858648869372,-0.1689133532446468
-0.6956806700110505,2.1007816998783775,-0.5835893414660819
-1.4601088187703175,-1.2492302306062744,1.247109296858055
-0.5342424572340438,1.2986567538826304,-0.4143364925549891
-0.5522388991479905,-2.0435975986109725,1.226127881225207
-0.19414478674598884,-0.14299618818913834,-0.026940331485705467
1.711176193399873,0.42230307400630374,-1.0122954276972327
-1.2004695186664134,-0.013537786825150049,0.8192714950715119
0.8551210280003727,0.25483997393689184,-0.45564161707380746
0.42238499234789656,-0.2828308344871129,-0.13970834399162244
-1.5028221343143695,-1.465484582901316,1.396360857181971
-0.4524030015194857,0.2571601830862484,-0.029955481810386778
-1.2948994521909707,1.2085441808939654,0.2077513094962778
0.7678731690002859,-1.2730172897269225,0.27219255950756627
-0.6226350335265795,-0.318499185222696,0.6610567670401921
-1.053334599548247,-1.25687513428285,1.1615537278008854
1.072128978198545,-1.2941298274391513,0.1533800336161639
-0.9643512762773014,2.0302271182538356,-0.42457435025428014
-0.21193566836341604,1.5622016565287569,-0.6446035752049205
-1.4053732557094367,-0.4269000565355249,0.7959161043808354
-1.5131149655953193,0.2909868795774039,0.523047727440734
1.5728152074811321,-0.4936478190931907,-0.464805231933906
1.0963340234870633,-0.06127746728317947,-0.54706741995155
-1.7434395789274628,-0.8127843185283328,1.2998246640972964
0.2983448520156883,-0.3587324446870411,-0.12872860952481963
-1.3707345594155056,-0.47898264869584195,0.9255656180312841
-0.1149994765997285,-0.6317442692085702,0.5359024171932316
-1.4135634304013118,1.4043405074939996,-0.1053125508836214
0.9320915024095916,-0.6173068833193089,-0.24575115715671575
0.1376437339056395,1.553886362803853,-0.655670071636154
-0.22374483274472778,-0.4949337422797662,0.22548994764693045
-0.13190035169210518,-1.3002255182959026,0.847086991428079
-0.6133953392393832,-0.831260178983629,0.8948603854556016
-0.7380928545415875,-0.5345142712028239,0.6373684814923689
0.7026333457767988,0.2771854738092519,-0.6180748113419394
-1.137087616770515,1.78801675874768,-0.4288991144713794
-1.1298348810025853,0.10844532999719958,0.4955114823778288
0.6954148648819308,-1.9077770135461898,0.616012972420357
1.7069675182711277,-1.122088575756218,-0.3106488587790882
1.483907802215493,0.6513755386357909,-1.0775185418927582
-1.4206171553505087,-0.7281208576638711,1.1433918195621402
-0.760288030249137,1.96635620736909,-0.5614830297555237
0.500557564179888,-2.023030441368233,0.7986590620022811
-1.2820374491369824,1.6987151918231678,0.03741466675900279
1.191780881122516,-0.8609968310793159,-0.11571976358503964
-1.3203837083857426,-1.4267508513145355,1.354106527414202
1.492183262352016,1.4138485826035507,-1.5438038300609835
-1.2639878988570996,-0.4080392242892562,0.94415613902977
-1.530167934562666,-0.7664937494250013,1.1319530104154183
-0.5635562844766869,-0.8132329753803109,0.7411531968996317
-0.6479741637606043,-0.9109735551451029,0.8391099857304716
-1.1528377940903511,1.5225450046994804,-0.18227003470271136
1.1079312536026127,-1.4852967232511398,0.28055111178889486
0.23943978586657452,-0.6354181816251478,0.07926856564285971
-1.6800188182931033,-1.1665767554116315,1.4615805832421078
-1.0906451208033763,1.5455284517699028,-0.1265401847826288
0.8850299545650822,1.5380417864769151,-1.1144525121553317
-0.05357348444894441,-1.7887121241880954,0.9676411760050483
-1.7297014152808357,0.712709663582344,0.5877592142991499
-1.063356227046987,0.10047763644255454,0.6248186034983347
-1.3430249768831424,1.6923716437485645,-0.0634944007494869
-0.9125534859205197,0.7486815993101749,0.34968725531258904
1.326565643761916,-0.5729342680900141,-0.42895367010577945
-0.539467373506362,-1.1593774741737384,0.9009978648159133
0.9400641587557736,1.4993001535557031,-1.245633038541624
-0.3756468351436365,0.6762208820066498,-0.24143464823808392
1.0458196450156572,1.5439956452854,-1.2682868670000242
-0.29116712927107613,-1.4063010796336768,0.9644560502498514
0.5279080043945129,1.2986557839382602,-0.817554083034995
0.4840379872780339,-0.8867261883122035,0.28749816835266084
-0.8194672950231303,1.1468278789427135,-0.18585137357723464
1.7939010267046536,0.5144364335453347,-1.2010464565924144
-1.3171209362397303,-0.45848929554000784,1.0043943048219537
0.696794077999972,1.971923907903725,-1.2341971482785767
-1.5167920619883373,1.5088585278158824,-0.0023807118001740596
1.6509956589380859,1.2432375880234745,-1.4411455447476709
-1.9461455518932183,0.3406031025892899,0.6146234917327144
-1.41289422696905,1.8032129231937235,-0.1443271873618614
1.4671499960423835,-0.3653591869589394,-0.5325268709426092
0.5871018340942205,1.5207111668777284,-1.0754666184226596
0.05141850520834981,0.37387100020016684,-0.04217423987213487
-1.2878836880614029,0.7093475179023144,0.2614764428029604
-0.024540937239703187,-2.041367394744467,0.8876714610490444
0.4624150256102677,1.24868193922919,-0.7609933569441718
0.9790206427630803,-1.1516742327127731,0.08678491140126092
1.5739171444383515,-1.592921039436971,0.12263568614717128
1.2024207292202407,-1.6575492972024453,0.2143713433107253
2.0746897509005024,1.8444640209817336,-1.6869475565398533
1.4299064261983776,-1.1996870125966541,0.044528944187995356
-0.6368577015019479,-2.043933226699458,1.168805028664431
-1.5324416789710904,-0.394294950561958,1.1259460057931685
-0.46151447524086375,0.5413153387859346,-0.3517806197504814
1.1295963687377464,0.8974320982497856,-1.0583252001551238
-0.2802438818259402,1.2103810999882765,-0.5747046438469618
1.837071153110664,-0.1976061108362612,-0.867810447705704
-1.7442342645698363,-0.8748361162005993,1.27515603140455
-0.9987417313149964,1.3051052263895286,-0.14998113854360157
1.005908017990363,0.6260870065434425,-0.7921508941061275
-0.6832182232504762,1.0506913324301286,-0.4263458172530531
1.8513178983180218,-1.5042569527265457,-0.16975062609753588
-0.8408320492955506,-0.28026675204670504,0.2999636803058159
-0.6223580922895664,0.23037559688413303,0.06791749923704535
-1.5771611755156585,-2.1167056519762277,1.8000046662121727
1.4698145784417775,-0.23450388955724058,-0.5584566507563016
-0.5685730994565618,-0.33487392122391885,0.39787707618596796
-0.4738753359712127,-1.9940691523497203,1.2465617122354224
-1.8984323803558898,1.299282208846489,0.24198494997284187
-1.9475794400771804,0.46566900177762993,0.8796312371868946
0.8432126149956389,1.9270693560979173,-1.2249837848737501
0.4503482565156868,1.9243777457659403,-0.9817571849257024
0.8915863917896871,1.62648169111715,-1.1145426689516775
0.02003645141796076,0.47111626838060594,-0.45916066419616663
1.326544361380952,-0.8168152074651046,-0.1239498746296954
-1.432641835753806,0.5072653321628634,0.33720096218417395
-0.2586630473585216,0.9903216501524374,-0.07435991307841186
0.9318648931161432,1.313315545984723,-1.1386220891860912
-0.8761153384982729,-0.5874755022211774,0.596943711705507
1.3372982542995342,-0.38953389366298113,-0.4713451810953031
-1.595516169669027,-1.1035397173258894,1.3766056992143576
1.2712331169706594,-1.0962766506829826,-0.30834464742427337
-0.8664261806516268,-0.918746732376322,0.8387799521354746
-0.2699193005357906,0.5813925110314186,-0.16177924026204296
0.6470070731082118,-1.371092702420018,0.20369010971017532
0.02559592734525326,0.017322612606409903,-0.10298549602491633
-0.6228944363250175,0.33000013090324287,0.052045052700383926
-1.7071034722790281,-0.36201993283812844,0.9569632560354735
0.09935471416722796,1.6755109359646352,-0.8853409346523147
-0.98893468316511,-1.1766013420105672,0.9369360388145218
-0.5180460469796434,0.5927452936547801,-0.034481833977458326
1.5246953395483336,-0.5404676317785767,-0.5203093172526825
-1.78428179885219,-0.5147841667560219,1.231184874217799
1.1760901997838278,0.34155687674636875,-0.5842004146156172
1.4135258160870467,-0.9551415923403965,0.013272779782953187
0.8076540822505848,0.34540794627142457,-0.6223822859987331
-0.3373429621570037,-0.18215935687274598,0.3561454494164853
0.42419116042046223,1.0265041850705374,-0.6425155195572219
1.9118411060826332,-1.1358298933512965,-0.427184643355117
1.5769672855622279,0.7826951619884772,-1.1606671407058586
-1.5903440798906368,1.564185619195351,0.13478234954475887
-1.3311593832096706,1.9145237927576302,-0.25299634087534717
-0.5826442054838998,-0.10388040387636707,0.24245310714337376
0.7134284786098717,-0.6157734253291537,0.02626037793382241
-1.735240656503313,-0.26562991692095794,0.8642472116526675
0.7116886166068819,0.7609079583549299,-0.8722291676655493
0.9396550238600262,1.5765984987755475,-1.4372727449881864
-1.7690226734518117,-1.6077260914783702,1.6440353992641024
1.5033058522219214,-1.5996924040904514,0.18851477558475205
-0.3530258949685259,1.7259119290664062,-0.7801681170682738
0.16307993970526902,0.5076470976299322,-0.3019325951387343
1.2628065337447398,0.01886352442709774,-0.4628653869485587
0.7342776450576419,-1.1288191769585263,0.2762409691694331
0.714199718436023,0.06962478559872384,-0.4320112504071169
1.4309600879930255,-1.4199427199072052,0.33053786382052974
-1.1383501246693608,0.07724370787857024,0.5053582877233701
1.3667509521863057,-0.6586914437356736,-0.4389265224645593
-1.1683451201057455,-1.8918430736065512,1.5733560312478407
0.21309351180305525,-0.2820732629456493,0.23511944984371924
1.5290129812051458,-0.2604037306154838,-0.733457332031407
1.6346068776181564,-1.481994111293886,-0.1504257867860292
0.5502046841767114,-1.9629578143570483,0.7635557470156797
-0.4693875041231796,-0.8622307800356591,0.7146408779772732
-1.8585962286806232,1.9313121895526353,0.06050616689133817
1.9697347539124332,-0.9534045946054006,-0.6922055231913102
-1.9695534795405367,1.2642048163382245,0.5790193554167974
-1.8999558396310272,0.027105219395582414,0.9270693276806038
1.47371358129657,0.3067457641225474,-1.1303739016295395
0.43964871168356034,1.201834723739086,-1.0714987099645379
-1.7990090653517943,1.4788137409662558,0.40845097599423663
-1.016385041994685,-0.7089775225169352,0.7388589490323817
-0.6465304991284625,-0.013934748310800549,0.49563558612796266
0.6307190382225528,0.996540238559151,-0.8251416950706558
-0.9436662045005134,-0.40543618300402817,0.7283388627206665
-0.4916189746208892,0.4369623852164684,-0.055096654866950326
-0.08312561953556565,0.625357533296854,-0.520688342079177
-1.3647551875561916,-1.1998301628980292,1.4049750029948738
-1.349084435267735,-1.8691200690197842,1.6031247803323103
-1.4407093594513112,1.8644462338773615,-0.2077296019197023
-1.5222482230397527,-1.5010676367123261,1.5333613733273026
0.9584696204220463,1.3924519332836183,-1.3442661171693697
0.7351564828279497,0.9624024958517904,-0.7243179459411221
-0.043767984069234336,1.077251105066521,-0.37831637516168515
-1.247258659440693,1.9797655664696154,-0.21668701358940676
0.6648266232368027,-0.498529674350236,-0.21642301612051143
-2.0544235175147483,-0.45491965812179097,1.0036065115766224
0.033792053581369635,-1.3515940512828108,0.5441350702035908
0.4418352442109046,-0.6858717982831148,0.1122846747885686
0.9351912751676169,1.5512610431009293,-1.3517552015575747
1.7781589176017016,-0.9490579159295727,-0.38837190179093206
1.0135480785408701,1.295130239945013,-1.4460376804177608
-0.809332468023299,-0.7291881839896986,0.828164814301579
0.518299609532165,1.1500842094593948,-1.021662842869848
-0.25344587281254244,0.9414844127407791,-0.149741986559832
-1.1592594746357656,-0.8870579920266264,1.14039752837997
-1.7243646893184295,0.8837535589253809,0.6186418554510636
-0.9943603142462081,-0.3543853883209804,0.8556670456669698
-0.9116819704153726,-0.7219539660329309,0.6276872265635296
-0.42178403973129647,-0.08114999003285518,0.18923268170117546
2.062692711372312,-0.5952060949772733,-0.6995733956354689
-0.5973563724852105,-1.2205437197769071,0.9252790930944903
0.23070900191058408,0.06433977497803564,-0.09136114656060566
1.1262285095053497,1.4907281620502653,-1.1645594801491426
-1.4115611403820847,-1.191842946336954,1.5395285145267155
-1.4293852863829182,-1.6365731299762925,1.6083131859338724
-0.7722747817154768,-0.7497459871077267,0.628728020081984
-1.7056470185756927,-0.6094710002437386,1.2500170659754182
-0.5395939326976846,0.35986444405365725,0.0022916670650054566
-1.5793949341041684,1.978696349431861,-0.3028047386886149
-0.21639307223341636,0.7992686418364567,-0.32267057373930097
-1.5123294257919675,-0.05780925617610031,0.8346943417901385
-0.6230189353461713,-1.9341508795869087,1.2708314297008791
1.6903195943568337,-0.001529973283322477,-0.8636543438000897
1.288264685867971,-1.412808044491278,0.011814032475312763
-0.7208693294192712,-2.0298453841228,1.1286127786246145
0.7793530905419718,-1.1696477856157013,0.31601127826946007
1.0461089672767614,-0.0333441789511673,-0.5294601613830511
-0.7265346024514523,-0.12368200533935753,0.5849809579496715
-1.0271573698767338,0.9279306974055325,-0.016028627006413214
-0.2901155076063914,-1.5900507728445044,0.7740503717800475
0.19264340726617854,-1.6628973430597618,0.7901343304334361
0.9996044095757707,-1.9157741222156968,0.45979771366857614
-1.330517092891721,2.00132452694621,-0.33939276065458135
0.43068024880663774,0.10085716346066197,-0.21989077037799043
-0.3937161204344605,-1.0546894300786038,0.8848977015058103
0.8233977772309848,-0.16440238036860028,-0.36172563630366467
0.7083835260361357,-0.10461023027734195,-0.34489441350604816
-0.9389553484917516,0.733907577274803,0.015042369460482374
0.0659205107767895,1.3620289293548764,-0.7129540315189318
-1.0320838900078042,1.679717115044638,-0.4093326023419957
1.6344234598477105,-0.2049234453145483,-0.8778606874654311
-1.21889245364655,-1.6225244603635103,1.2610616032422575
-1.2092126000770662,0.5847065918201111,0.4141033153003843
-0.20111828059703307,-0.6108068847607273,0.37829607437193047
1.170685085459728,-1.8834874502756327,0.335790096552039
-1.7034689126049867,1.2952326302709027,0.24816249493069886
1.3211439926992867,0.8890406751901748,-0.9768837111230039
1.8715869835960757,-0.7684225871834072,-0.49038172893085424
1.3737598692822273,-1.371481356322456,-0.038171957216298576
0.6118089841710237,-0.42649970094940504,-0.08784149837772637
0.8932683486073291,-0.07001907441339418,-0.48670356288439554
-0.17412199197570105,1.1320638225068098,-0.4091225808958962
1.8793645319075027,0.37987861242696486,-1.0448461278851495
0.7240358857223195,-0.4754673908019376,0.05763502788948782
1.472937306140883,-1.6856197854888895,0.1275856281723205
-1.2782350816979966,1.8277245159986284,-0.3221495384549983
1.473814940395809,0.5373082347315566,-0.8135937197781827
-0.40503272957060865,0.23152697886331292,0.2028757590534755
0.17713146735240112,1.833641452267327,-1.027928324884673
1.7558123402955248,1.8509017633780342,-1.8318497414401556
-1.4537688541535119,0.24614772832324766,0.4772790935920686
1.380375256387443,1.6097810203953533,-1.6375818803630797
-1.5924956056664474,-1.21147339304853,1.4966492286875046
-0.41229294545775536,0.7280038520539535,-0.128351881892226
-0.14669965399766463,0.5781056915186203,-0.27590074092881467
0.5017319995820446,-1.2911021657324855,0.3182870108562187
0.0915054573387302,-1.0138928819544846,0.5939432596670476
0.7159957080020193,-0.005645001369285141,-0.49059162951340846
-0.49616191733141884,1.0544627951169416,-0.29917096143756655
-0.6401511130683242,-0.522838830766011,0.6888111280581767
1.6299756578053635,1.9710368977648405,-1.9384539584305847
-0.7515443583207159,-1.0685684482815332,0.6719551578279355
1.863097186667724,-0.38967408254897423,-0.7562615812531897
-0.9308423156488097,-0.8153859033854463,0.765186477519497
-0.042795174750937665,-0.9478399730218025,0.45418314815002847
0.8024622883097551,1.3177842386271146,-0.9728570696874052
-0.5630584044271498,-1.2075179003782848,0.9271239565501107
-2.0097442773394976,1.1211800649716621,0.4299128848024563
0.41977524356356605,1.382415537514922,-0.923142149170576
-0.9892953935926999,-1.5859533701104247,1.2363779990192263
-1.3216955594150923,-0.08689230957085392,0.5250503594465575
-0.35155725410850913,1.4834869865638205,-0.7254888703471467
0.20159325766701267,0.8853035302779434,-0.47113289950248455
-1.9326047662628776,0.6177072971623441,0.5843571816124029
1.2700272674311144,1.158259068714038,-1.190534156487058
-0.787844274486901,-1.365352905095362,1.2154760027250933
-1.3909744786110716,0.33715078723466285,0.5076525970156407
-2.055585529170565,-1.4399137736030343,1.715598455001126
-1.6288308645331002,-0.8831412844262826,1.2277758154056628
-0.7355573533257062,-0.7561863798854349,0.6389934076773747
-1.3442571840590503,0.0206727554519099,0.8651157653859703
-0.37382585117673034,-1.4439271008725023,1.0738842817260112
0.6770658549146976,-1.0291474104682554,0.262535090345103
1.8299745790713533,-1.337399535323327,-0.1442671370903242
1.0883959147637745,2.067881025200477,-1.4201925601466936
-0.9916965515102003,0.3221943142067909,0.2970517213265946
-0.5221271808861392,-0.6105577619932798,0.6237699299883447
-0.8345586747766598,-0.7047022338455577,0.8434860183549417
0.6074659248397976,-1.3534609458778994,0.29441802542220397
0.7429676436674442,0.01574551893760681,-0.3084417916061637
1.7885009075717537,0.24366391233966112,-0.8563913758675853
1.1822075183068796,-1.793384913456497,0.28977067142517127
-1.994480081797804,-0.7697822056163149,1.1927800964715787
-0.977595819673927,0.03052992931600722,0.5929963162158799
-1.4153955290019862,-0.9652024607010576,1.2182685980237173
-1.5508036542616688,1.084654389522186,0.3103469840665044
1.7935442333821285,1.8401847551435846,-1.798810529901345
-0.11068725695011568,1.5947936352621321,-0.8442715442914925
-0.24318926659154416,1.3177768626032516,-0.45876469677657244
-0.5731756782310917,2.0600574506276645,-0.7039333335148302
-1.010647020188894,-1.1773601929504358,1.2925741535893858
-1.923834273134101,-0.2014848225017766,0.7592125681986566
0.6742215309297672,-1.1723136616774767,0.1997404175760453
0.867711963915674,0.5839947073529348,-0.8178034185584203
-1.399819509890021,-0.9158648752682792,1.0116387556526794
-1.001042258457763,0.32443180746069933,0.2701946818242025
-0.676734804247354,0.7780803837937711,0.057474863288729
-1.5316998117590954,-0.34732973444608595,0.8622529840336909
1.7346883125237331,-0.1685370021349085,-0.9374041161137068
1.0667165705434025,0.5560881128043896,-0.8412203117614675
-0.1230297844297281,-1.2493648024893869,0.6753914024675608
0.4225727186983272,1.513357331163377,-1.0681687099204047
-0.35184023913795437,0.13776235408503693,0.16797612481790103
-1.1611342378088567,0.41281782929731037,0.45329067889774666
-0.5703579641317065,-0.29011890878625524,-1.8019626160641011
0.04373243174288799,1.0518253444566517,0.2263392294038855
0.16654994210504226,-0.056024050575926854,-0.1021401831819908
-0.9784731398120807,-0.8775474525263931,1.330925559845436
-1.5524098500435097,-0.5194462921908776,0.5639141471243123
-1.2564667520184822,0.2738798278915038,-0.2606483518877143
-1.0260636582923879,1.775019323902463,1.2423806639730768
-0.42283903266097056,-0.03203712181319984,0.5235863289839409
0.8757359913484164,1.8414565538817946,0.3075497326579759
1.1808145559928125,1.9961109744161867,-1.6815225884098672
-0.95994513435148,0.4106909013397768,0.7265281754407567
-0.07671153281277165,-0.10000817802542405,-0.4549903008327094
0.9172054985929368,0.6031638310196001,-0.6730597413079433
1.367853543541973,0.2810957308967681,-0.44421322879692005
0.19906523692645628,1.2359384756460963,0.9084942297535581
-1.8438799366129621,-1.8603318284282646,-1.1970401380942217
1.3084159949757028,-1.4538148135355864,-0.4825160245439144
0.5129643290969774,-0.42220937831196403,-0.18474894661902042
-0.11999933991961953,1.798395586827926,0.8078322406247667
0.5491934898688715,0.5454079826275251,0.6148775874687273
1.726779814805703,-0.6091972345537111,-0.13434467865284772
-1.5797308068871074,1.988855429728428,1.333422324844117
1.0144968430570693,1.760512826901461,-0.03314549402246092
1.1227765929122544,-0.43960363052726725,0.5245613531242261
0.014218290767318287,-0.4551878006389458,-1.8349401510003456
-1.3321096700095891,-1.9029214163456518,0.20809090511651274
-1.4064436596975693,1.052087615122847,-0.5399754372542227
-0.9984379203626252,-0.39266523085019944,-1.2382756664772248
-1.2829661336904365,-1.974588045107724,0.40276422556278657
1.7536298287034926,0.924653510210276,-0.06391431552834614
-0.5381443792251717,-1.2048905821028284,1.5692518064144374
1.3861647770450611,1.6839638033236608,1.2188585729263197
-0.3473781368902169,-1.0578673138338313,-0.2552713918104992
1.033484780708179,-1.1711117889632328,-1.6810211703322402
-1.5604309508975747,-0.4261814938100885,-0.3662308830409007
-1.8997009108056928,0.8521723839795552,0.370179922204271
-0.005570383899669462,0.05630511506894553,-1.131261862012177
0.6111634227283456,0.39516577154331234,-0.25025927705334716
0.13781485767667556,-1.5754324702636051,-0.9618914602094186
-1.077902767164018,0.632610860297051,-0.6086154953935128
-1.7466703598497095,0.7392646728006778,0.025359581312744073
0.3000246809210516,-1.8356906542204352,-1.0935814736846163
0.3194403575511582,0.21435004870797414,1.5005910431191558
0.5965913376364322,0.15224890494772847,1.7664548857657838
-0.7483395052004811,-0.279585298915217,0.3842548217719419
-1.8411945962035956,-0.3337766893344942,1.3119858017790245
-1.6135948698815912,-0.7383077539908416,-0.317369865319562
0.3746529522144426,-0.6086400755848742,-0.5481655413214654
-1.8781484537873272,-0.676944258614848,1.993781775921334
-0.7262951385297121,0.3340634247714718,0.9955647819459217
-1.5609310146469526,-1.4859668497137255,-1.7972744874531537
0.19810792648054454,-1.1532256645983576,1.5354063594015632
1.8748591625616458,0.727478532704148,-1.0194180452004242
0.8873024242300382,-0.6969405086153295,-0.4199713452628937
0.617541774848891,0.08859599999135881,0.21601297676791953
0.6028627889368336,-0.13335347597982716,-0.49252249127902603
1.8577930474668718,0.4955251972073653,-0.028104382811813267
1.849384554964991,0.5307677016489385,0.06990955841041613
-0.41674763687619976,-1.0549361283666467,1.6345185221454837
-1.0926974441658373,-0.7109217146069788,0.1509064186110156
1.292049556950003,1.955977160503085,-0.25921068154052396
1.0154756394892788,-1.1859756578915808,-1.2317538513909962
-0.33255885811963326,-1.752478719758365,1.0567487847814725
-1.323911246671026,-0.8233785689314712,-0.0357849499318692
0.3971742688036102,-0.6942733392636811,0.84106523639975
1.0966482144908345,-0.5322699093107595,-0.20134478076817475
0.00700192872706884,0.568259916000081,-1.8877466865436348
0.1653387633243737,-1.8829177314431131,0.5500720345205599
0.8522352899115369,1.99205866632192,-1.4211986196990702
-0.47083802963082055,-0.6859414469343785,0.749107405024573
1.1107762272101223,-0.8260458829407988,0.1171703158275248
-0.45055289420997147,0.23354050639922486,-0.09576791857857003
0.9434266351056513,-0.04692464085440218,1.601947170710726
1.798916709992688,0.3254505969478996,-0.8957149906576061
0.03489321474268481,-0.01739444646126387,0.507185389175675
-1.8221459837561573,-1.2190976312861754,-1.599697494717672
1.6799246160140684,1.7089843890407672,0.16558970182466393
0.9975855884390388,1.0330704585460753,0.6335654285638026
1.4811198573848774,1.5772073783530378,-0.5993669871909888
1.0841733743333828,-0.09712157132527466,-0.048177343507366466
-0.2010210462976425,-1.163281905761429,0.7378463768447419
1.772053550816263,-1.2048601900384988,0.329910309340645
0.3511683933341314,1.3205286996340355,-0.7994376247571084
-1.411113086928503,-0.16971835636094168,0.28731017829846506
-1.0604606762397464,-1.105351558590176,1.417553779428319
1.3562764323868226,-1.5106153754541856,1.4856584573397567
1.3968943420883408,-0.05173190396248328,0.2160629273668091
-0.4977959469353732,-0.7325151776853467,-0.3579395154600884
1.8205704296133085,0.3925959968140056,0.7944048827379366
0.47836707890489016,1.0181081082137302,-0.7011714424190028
1.4969650195206072,0.19315915895820446,-1.1350803859194154
0.7441415927693527,-1.2193063113912594,1.5762117056837828
-0.277021918434202,0.8986399840201829,-1.7649658997872582
-1.328821218928712,0.3567266337903483,-1.3728530522989368
-0.33557119907223143,0.2254777463307973,1.121463736773396
0.739783393613552,0.3744958396359346,1.1333343873654957
0.8271992009118261,0.6482330893757755,-1.503774266622087
-0.25637518859937236,-0.9125936305373585,0.12219870855279513
-1.4373825092710186,-1.7508887709159997,-0.20913530512603007
0.8872435746354705,1.5331882243678105,-1.4853674539460817
0.10674004236753598,-1.0806910653053579,-0.7198913421145541
-0.9486509764415341,0.9103872052920075,0.2961627258226853
-1.4937488112774053,-0.5842956258343674,0.820954299479363
1.8201315139799874,-1.1124989181026281,-0.28827028317948633
0.6221543923034614,-1.9848122282460912,-1.4406169993848348
0.5712316926211645,0.7587191215731539,-0.8849297045899354
-0.4150024418384102,-0.6298201723785124,-0.7914865413229673
-1.2544904154075631,0.07476557640982406,-1.1462448867297836
1.4350135052099078,1.8779456499856364,1.683221750229357
0.2023806611430694,1.7713779830406002,-0.22957166266471152
0.1438620182629453,-0.9505960191366443,-0.6332397114896953
-0.5262370108589765,0.7483730376863673,-1.391042715832699
0.8148594118731141,0.754330635823715,1.3689677043086483
-0.7149341935028057,-1.7365636945972405,0.054213360411623945
-0.5575260165762828,-0.7945733840925495,0.950652703188656
0.4797192445944525,-1.1072321178798314,-0.05242454027296395
0.8160053282160851,1.1365016441883138,0.9830864427224015
-1.0239209118238173,1.0159859807448268,1.334784127536
-1.0870746650679521,-1.6106455516372167,0.4083145078253403
0.3580013906127677,0.1126781534453083,1.674700935201178
0.016888316960908423,0.08486779628608154,0.5058521996935639
1.2924128469747993,-1.725089045994383,1.2801039587535956
-1.7157636224611554,-1.2096320633046465,1.1693897472340926
-0.5090281003721975,0.10349031729451186,1.1905452982089941
-0.197822115128647,1.5145059069471607,1.474949604852969
-1.731580813346815,0.026167860532765985,-0.5744719863233527
0.9097467842921656,0.41372522307073156,0.6522934903515152
0.752308594236502,-0.8215032103360524,0.6039358413825413
-0.612567818495378,-0.09510242724778006,-1.208159304758658
1.1521728678142282,-1.0123129087158413,1.4310687364991006
-1.359468634003521,1.3381543230607265,-1.4921346920636114
-1.6234672347687917,-1.7008543894273838,1.8037121636199527
-1.929191023114786,-1.3752247747998414,-1.1605288703886552
0.26296927335941334,1.8427273053983293,-1.8943740747885576
-0.3870911114787079,0.22438112000584365,1.1452353401618272
-1.4212609391174436,-0.4124566585191225,-1.988904551358984
0.49006442353483015,-0.3660217981859297,1.7145382558571582
-1.5968772378521976,-1.2897184315357149,-0.27858441200820305
-1.8774422302906801,1.6339130059119928,-1.8850884458940613
1.8755311224515023,-1.1326754376000525,1.4052808982358052
-0.07412809610895632,1.2804684554017167,1.0518860486098003
-0.233866145612176,-1.3495959872928487,-0.694043287764524
-1.5209263414901084,0.32557840783917813,0.3136360515045862
-0.6950715411423332,-0.5048306155764237,-1.7409616518418844
0.3920823257996102,-0.4350706540574376,1.266310897494678
0.6777421390249798,-1.3486028969607835,-0.9964743961493938
0.8606597979435797,1.478819161662448,-0.005859076026976773
1.7408012096505,0.7861315112720191,0.9165191355106317
-1.7669162124440625,1.6908209569762098,0.7836541121368188
1.8366891604207232,-0.8148246736006182,-1.7243766782070504
-0.0037091084105669303,-1.188475899957591,-0.7021041324861095
-0.8575318533384384,0.3945244303588322,-0.301309269238212
1.5232728313894341,-1.795347963683184,1.6431479444609876
1.4714860500695939,-0.16289236197805046,-1.4802270964201276
1.7665303652653366,-1.6322525857416892,1.5948505810381568
0.7938098152487134,-0.593582643722371,-1.4697183449633244
0.19675190849785107,0.9242784027790729,1.1167128062080622
-0.6470433167660867,-1.904026252381175,-0.38261829419318527
-0.696237182865294,-0.0008422549011823932,0.16567893589871074
-0.6820121501645318,0.6922828086345714,1.7355834960486844
0.7063082701460068,-1.5076864866239843,-0.8273384652051821
-1.1254245157210732,0.10925514028881267,0.30785173027521795
0.27879213372824907,0.5209407495739811,0.7913978178004406
0.33119880907021937,0.24599831006728978,1.8840265563429748
0.6756160162201517,1.6834016593955803,-0.44544915810423635
0.11424869750040223,0.5427137444777141,-0.8069434893070939
-0.7162946722354118,-1.5865796923685784,-1.2278354559917686
0.30576842315623765,-0.7566548321377686,-0.38026047279996655
0.288029363659859,-0.5098584402381228,0.5408481775705716
-1.3859301934381056,1.642183244135789,1.2050747895093035
0.16047673689269404,1.8457946872495525,-0.9899881498888918
1.1893172375677348,1.5457029656923282,-1.0828329101316476
1.6855131235013463,1.4875688904982436,0.10927489755015873
-0.4841500281324631,1.4413625545266626,0.030670152686859353
-0.21159901759485766,-0.564671933361832,1.0531152409565872
-1.2200004505850695,1.909129815898241,1.3754663361119874
-0.04099618406438221,-1.4424724716066981,-0.5513720286159614
1.8236892783360177,0.7137804133229242,1.5011392442654934
-0.9912362244876967,0.16405953353095581,-0.7645749194080516
1.502072796660888,1.266587813199021,0.3165017454048593
-0.46933194000792966,-1.0958555265290157,1.2184659516033611
0.11117533527500623,1.7289026269385692,-0.5827158376828852
-0.8759423443196814,1.4290829152824354,-1.6234295837057982
0.250065742701183,1.6359955279429195,0.6360240161980721
-1.0519163825301443,-0.22345349952373406,1.5335365378758175
0.44979072847493606,1.21165433590021,1.0153402744310114
-1.7350387410064587,0.8046482752494537,1.1820805612014866
1.875481254879284,-1.397503152242145,1.5694418129484249
-1.1059233215503101,0.7776944705885942,-1.031467160475465
-0.07974216315464977,0.1227008868417605,-1.1549489384822822
-0.7573481680612577,-1.817788214757623,-1.1223213482317878
-1.8006780404572211,-1.8513650140543194,1.3273748407872419
0.2488038558777581,-0.3649236712297985,0.41945971925893843
0.4450382540299125,1.6775457505935396,1.02712346937404
0.9634295244362217,1.2207947257153426,-0.2760817497667176
-1.6242360708074828,0.2141238009323021,-1.0848324917873025
0.8777035220368932,-1.8132911521116895,1.968249707632292
-0.23357375585607176,0.834700184687188,1.4736428706705165
-0.9983715632871681,-1.3121661852192719,-0.49543588704192043
-0.4115601391754504,1.4477923031252047,-1.8556179174377339
0.7106407578022993,-1.0129558842707822,1.6644948953857526
-0.7955144749008394,-0.1284827604893839,0.07658423863818253
-1.7924750479124225,1.1409061303760888,0.8613126081023572
-1.7111163159032157,-1.8829151561237087,0.416468965210643
0.8918432819787188,-1.0205018387435416,-0.24164528428188614
1.2126784356470286,0.5927896985812895,1.9669337912439282
-0.7688413956319913,1.9228001187460952,0.35731372313327414
-1.5247935904410719,-1.7783260890218897,-1.9111983338718521
-1.5240858505145347,-1.6667608086411567,0.4161596264569707
1.14988514670208,-1.6710437128483893,-0.9436582794074462
1.7831009282824817,0.04725355869095704,0.8616977157078467
-1.9540855719141708,-0.7273003977078965,0.2147056584441316
0.42919763630482644,-1.6244911867987155,1.9041885689862332
0.8479744633948303,-0.819015133376626,-0.9267660423785808
-1.015272932434387,-1.9395758695098384,-1.960417443723557
-0.7673259313457894,-0.9731925396572927,-0.6120911084893468
-1.2586304647386903,-1.0856118440810292,-0.62998885017248
1.7024845634379062,1.248234959239681,-0.7771338502286804
-0.053874799426195885,-0.3739037211206422,0.7753780345761832
-1.9553475899325652,-1.380688486842924,1.5169018397561134
1.3891413883763128,1.3148204570165616,1.4809290878008627
-0.5120871639693374,-1.667051351656632,-1.3547699004725913
0.9968747786921632,1.5868543754213587,1.2056720643747418
0.05088643883080879,0.49565767744188705,1.9988393251485599
1.7327039033228724,-1.8909546613746744,-0.5601354436049713
-1.1741465309434052,-0.761685653588521,-0.026238381044317194
-0.7186904682396444,0.2102444613024681,-1.5561328177990235
-1.6090745333665435,-0.6801446155469573,-0.2185753926375824
-1.8497642230159976,-1.626723747379049,-1.7384152959261798
0.4900528632874903,1.7063710925636797,-1.1358877214214935
-0.8967145948957107,1.5571536004159978,-1.3203359923005658
1.8538664536565217,-0.8879750775752475,-0.8766105249246139
-0.6496414375982686,-1.8298271138053002,0.11764896359305421
-0.39257734959524226,-1.628040487899797,1.1236430868180567
0.9680688808087052,-0.6850419816031943,0.1606445192284598
-1.2676780482894725,-1.1864980382641526,0.9285439442755297
0.9811507877313201,-1.5597463566822802,-0.9980093671940145
0.8087998493203026,-1.747679204762254,1.748130827982871
1.1715558001897124,1.7151605938904488,-0.9127578887011416
0.5793875506047783,0.7165987076553897,1.8932424875473313
0.4715672037903835,-0.07289172172270764,0.48623190159057694
-1.9332069278182709,1.1751224655290406,-0.2604978342421784
1.7727114105707331,0.32531325260997246,0.23854918810309034
-1.5878853248445823,-1.454955240173267,-0.2368867212439838
0.9562480839108893,-1.8899902836758837,-1.5835320289862627
-0.6261763839338816,-0.20008944610392065,-0.7017916895999261
-0.7878928091252466,-0.5243157118149226,0.07146907730225438
-0.645017808332939,-1.77003364280184,1.000518848934767
1.3372834148672048,-1.2109883066898521,1.8615199641805384
-1.7919807209158263,0.0001991266167618022,-1.0795398007662604
0.9939050542396992,-1.4243355220896747,-0.4189307502973221
-1.180373003550113,-1.9582574233943189,1.5507144484053579
1.5971455387897486,-0.9741555878901766,1.2791276148347217
-1.5827034713423482,-0.40331192487043754,-0.7146045063512871
1.8207602213358993,-0.18364549948215858,-0.8807827344783536
-0.8936215479287246,0.6718709875163862,-0.4283780044413348
1.9991679371965132,-0.8156433457429597,-0.6446655099294807
1.835008323257786,-1.7487308679653908,-1.7274547476206847
0.7214141743165889,1.318563019466224,0.25666761912196634
0.3775970082746607,0.4336276016250311,0.9623053442256433
0.6515662638228497,-1.7228149952929193,-1.973749071627581
1.969037530393571,-1.9452384284317712,-0.38586199750519157
1.7326505621497752,1.0439733671278626,1.9550436743162276
-1.9804951951632956,1.1826978760284996,-1.1512736119707787
0.10182866718929562,0.33194859740526983,1.5807795011807504
-1.9743573760869122,0.7188514785882183,1.7683202925494395
1.0860459605651114,0.4021997041774088,0.0262519592423045
0.08113359536272613,0.7153282269915846,-0.040148868215187594
-0.9971192446382049,1.8469171484172358,-0.9895884174946699
0.05770908502090277,1.0061192168708617,-1.2876660622353842
-1.0913453002391806,1.8247516877394534,1.6816087216141722
-0.20653410538291395,-0.109164205083776,0.7294209200328594
1.3582871294766936,-1.2255012140918522,0.4294661991261477
-0.17967029829206638,-1.585473273198148,-0.9984673445826466
0.3067195667456768,1.6849964949661893,1.54588218245142
0.6106829716974636,-1.0284397153571403,-0.8371720337402491
-0.07701918917854123,-1.9332280086449627,-1.9868938955363826
0.2494810499670299,0.21353381969979823,0.4633665229971613
0.30048131334689687,-0.2889122403263178,-0.03934805542342712
-0.5010832026144483,0.6847745706437767,0.2669307939035801
0.15510099712773018,-1.7538498910661562,1.4129103648584809
-1.9044364073128426,0.006964294555160677,0.4050521222746597
-0.41973592624801137,-1.1152521226552712,-0.7430326060634891
-0.08210758815290076,-0.48937663550655275,-0.4247546750754587
-0.2123800592564269,0.9130105424063708,1.6801544098213008
1.3820714190423051,-1.6157664290831515,0.9421931707785309
1.7633525012270463,-0.2874231436922581,-1.610391245168103
-0.6771655269050596,0.1958783824649375,1.6205900898412477
1.5295566228647632,0.938050250872347,0.7111808792735146
-1.0585828605986922,1.7102954624178173,-1.6859195838805578
0.24256372768438972,0.8936907857901213,1.6909400407161614
-1.7301512520734166,0.03332680193197568,-1.2823574928398842
1.2657979673152782,0.31474235360096614,1.9350612205728348
1.9514332628010824,1.1904172154018844,1.3236118681145168
-1.0446838233499034,1.8331106960569188,-1.505962011752974
-0.5614576814943648,-0.5626546885622017,0.9541874469102054
0.07263921197110434,0.7856118075225287,-0.6773480291579075
0.11198651307729479,-1.3701827608930741,0.6523630980566488
1.7857766169676967,1.472002148257761,1.4805264454548621
-1.2383839072051943,-1.3302209377230065,1.0392811664128487
-1.8443988187443856,-1.3096397497699481,-1.0848405185052417
0.58693033092502,-0.8812815700239933,-1.1780549411260508
-1.9739647428888882,1.755593873326443,-0.23738039445906
-1.2945900852274619,0.29128229714388754,1.189572602944493
-0.18024093402823516,-1.2449893549547508,0.21317709004271457
-0.1286422791932198,1.3901484941682276,0.5613335690234775
1.3936906549225028,-1.3275777619256237,-0.4129835154328805
1.9672685539106833,1.3605548679397783,-1.9837059521611238
-0.6340068130274101,1.623144210658717,-1.4603200271458134
-0.48515125973787665,-0.05719269532334126,-1.1391009865066097
-0.9213106659625749,1.7507642069208251,1.995081016291309
-1.621544895993123,0.05152756222210497,0.44881951160709566
0.2944666372792897,-0.8742580529988482,-1.8408433561143922
1.1607116149377705,-0.1629443097260972,-0.4240519361636377
-1.9695986693192564,-0.4807274065766314,-1.9547548970539341
1.7146091377580284,0.6911371478851489,0.21495019139242277
-1.261430783507607,0.35652226005050514,-1.6174678345831794
-0.49467387978223654,1.5950954505689547,0.4982372724920143
-0.38103609608138145,0.13540614752984403,1.0174238290927535
0.8701606606253165,1.0411617165025588,-1.2230712095604184
0.8084349140492391,1.7963166742507117,-0.6711872800049594
0.6841772269412663,1.410229293987968,0.40965488791855975
-1.1618673226548828,1.4119106149568692,-0.8183442835114518
1.9592891784217068,0.12446835688983882,-1.3301462642423605
1.5423314721189243,0.04433406148918895,-1.721120320109141
-0.5668744517497717,-1.6271799451175797,-1.1565808370750696
1.2109703459952916,-1.6590533329685409,0.04623035893261962
-1.0553163245783033,0.05080766725936625,1.6230038610842557
-0.3032427366668875,-1.4763717539081216,-1.522072761420168
0.18588990193174215,-1.1676029044640286,-1.2817805857762008
1.6966436867515329,0.880458739677624,-1.8359385615616914
-1.3069629001251348,-1.6246114711186466,0.6995827178313436
0.07432530761383838,1.7808277529911165,1.3856807763126855
0.8017776637134522,-1.0135620826289178,-0.458155232474069
1.5278507553006935,-0.11109227360833263,1.1555933244749497
-0.8352401400229619,1.4809165604906656,1.155832056345509
-0.9722394574734738,1.2823946735516625,0.27883167429701006
-1.2404489423705165,-0.32652696226758415,-1.7321298550250126
1.8666214428698757,-1.5911911525151403,0.28887865255782685
1.493515608905588,-0.9428527188140547,0.6138834406535252
-0.18691292882888444,1.7608088919268488,-0.16508512545448228
1.3655374165089489,-1.2619806970860403,-1.6278194168953108
-0.0008667217807714067,0.0822143202584944,0.40728788057960097
-0.5332283738812365,1.6006002673819433,-0.999529365762724
-0.7624610118416442,-0.0054322390674630405,1.60320443436065
0.5518813963313463,0.5012502595056612,1.581235470847632
1.0713634966610392,-1.3303866207521593,0.48658238578247026
0.7660241123587364,0.29872391161732326,-0.7942941954104974
-1.8771232391072314,-0.6674253839216657,0.8725576498719332
1.5295360786104752,-1.2207256124254169,0.2320751568528543
1.1321228248232913,-0.6300836981840447,1.3549538092034932
-1.9189367830121897,-0.017266786574886783,1.6678793382770705
-0.8532199210178626,0.38726974519098123,-1.1879254468943126
1.5671130987091337,-0.7384572395506495,-0.14955480276544852
1.199791253100344,0.08734071527241971,1.999098434897634
-0.08739580079711828,-1.0884681978645858,1.5693867839258715
0.8716938246745731,1.54753708719405,-1.784150600034021
-0.3644238909425819,0.4028900767474246,0.8447855206144843
0.8180143005588603,-1.955575810201983,1.4505204705692898
-1.0140138558997709,1.3576131578273691,1.2576848500745936
0.535081403635933,-0.20032714731238244,1.487373933574489
-0.9904161253218815,0.7739781710028679,0.8012619976329858
-1.9209555604994897,-0.4699384881903659,1.418479428795353
0.9182116492710208,0.26052570198980574,0.5142356579007141
-0.1417610730425567,-0.4482062009950214,0.33142905790643784
1.5280438356594734,1.306857297723245,0.2714403227975666
-0.182356949004586,1.285906287746036,0.8699736713416422
-0.10094340432138571,0.18300480794326912,-1.6588200538259765
-0.8499292897585682,1.1094924208406973,-1.3961495319505381
-0.4807037129174412,-1.0466083443347118,-1.418726987052609
-0.25009961296631333,0.936156197336484,-0.25213014719900295
0.8126095985282249,0.9067862186155757,0.3097277852613023
-1.0369426952292318,-0.627113060005295,0.07085508682889863
1.7699249594424797,-0.6093327393062502,-1.826866874507434
0.016164770818992924,0.8482954554069595,0.941574659763357
0.9957857877096092,-1.9965897510413377,1.9821761883679483
1.426601186122829,0.16801546369275489,1.3937817792531564
-0.8105812368494045,1.5148854091374466,-1.0456972092254975
-0.5141621775732172,-1.0490382687541167,0.4657983875776224
0.2430667609784356,0.6866336579858885,-0.09385732184862006
0.949705126295421,-0.17608504396389923,-1.4637506916074332
-1.724205777138474,0.9178553671758749,1.3489337515647253
0.22100879326646705,1.5914664416323627,-0.6420448302081212
0.7855852825422907,1.0028945556593603,-0.8514174655971507
0.4066159752423144,0.7128741903425149,-0.23806189484765738
0.05249890628449938,1.6155178855609718,0.35786344563557826
-0.5489897717076526,0.2000088340944206,-1.851519085249444
-1.8999239190424788,-1.5433212700731511,-1.0631741077054357
-1.9862483567634004,1.0663284296322293,-1.986715431198998
-1.1384211503747412,-0.2792844704484154,-1.5850543397302301
0.2688115933118027,0.47056643073528814,0.7491566918811445
-1.7948064869680715,-1.5810410431339044,0.2087781302875742
-1.6324104533802632,-0.6433266643273972,-1.4168185340295305
-0.850793018832877,1.8076976243634508,1.5363401857546646
-1.206766804600166,1.9106094865096743,-1.7319374008517632
-0.23073854060663912,-1.4687464581918737,-1.0087588086702146
-0.45635346163430324,1.496991909315962,0.5822722872157704
-1.841623857533211,-1.4379887872088721,-0.9407610216542688
1.8781055592249398,-1.5867902993727223,-0.17859514648699504
-0.7447713143347365,0.8788748779184696,-0.31425833865829933
1.6139855386717459,1.9615180360007076,0.2780822050797642
-1.8440878261440292,0.28895246712896405,-1.6381618144003371
1.7509803946175513,1.314948649581153,0.7719819620647557
-1.394240503656531,-1.9172526091455637,1.3534407119873393
-1.3693705816042563,0.891119994566981,-0.5120401192968336
-0.7365560743687385,-1.206444902556293,0.16329232566838048
0.8856959085433198,-0.932126139732087,0.38525007511796083
1.2615884297216802,1.3985488766159246,-1.4928381945325357
1.5550685913326876,-1.8779751596669634,0.19178950566816555
-1.3637908716474767,0.3858863217248625,-1.198614699309155
-0.813514629830812,0.46551584065848006,1.3371003352522197
-0.46140221510787205,-1.4484063873324287,0.5909032385887678
1.0943516171118253,1.2180806319231112,-0.8234493938183434
1.282535526661357,-1.5426015551188925,-0.7383404443978283
-0.7856351787954781,-0.3390322405795354,1.884641975696784
1.236053806409382,1.0450741077770749,0.2992675165972267
-1.5289543318249224,-0.7890789620527912,-0.06259782783562207
1.8917183181850161,-1.4635870166799383,0.5595829729259556
-1.3211198296620208,-1.3138338108565866,1.408150912905171
-0.9473024509070354,-0.6094610202310444,-1.1592287341043548
-0.8778896252681858,-0.9957209107478913,-0.21219347638961983
-0.3177920486433905,-0.745090021379657,1.8206828992998454
-1.0353060713212736,1.6223480277031497,0.4802128501279319
-1.1243944942074098,1.3791326813544535,0.02181932478672488
-1.0832423893485936,-1.9222526337000243,1.1087093950909157
-0.8178124881603304,-1.206912655274869,-0.9966551945692492
-0.509623352079918,-1.8094922110103622,1.591318796065479
0.621751312709967,-1.2383223825062348,0.10304482675762827
-0.24854001159800454,-1.9478791592025293,0.33991636077226195
1.8414583507286464,-0.9091048576499436,0.17482223624535953
1.499415319128532,-0.3825280759172327,-0.0034237872774496303
0.7494532231113569,-1.2950431379477565,0.1629942531070525
-1.919279935412419,0.38648805828613453,-1.1361863139152066
-0.05223246128095127,0.9094218563016612,-0.9278702296733119
-0.029053507948576307,-1.5922267971010995,-1.7182612144698624
-0.07086936965669155,0.7280146225762905,0.06953593589126106
-1.0354016221909905,1.4819505585652784,-0.9047636603603895
-1.6315935432989854,1.3988078534955481,1.4798101639383106
-0.5500322623884144,-1.1891726139210612,-0.2559094283256438
0.3243691606017305,-0.8446661246351237,1.7934007760907553
-1.467434008754473,-1.329181154326363,1.2115285659182353
1.096380935376335,-0.37699690047324674,1.6794619716381227
-0.6750690910575612,-1.1199241979120371,-0.4017860990947093
-0.8971617153784823,-1.4487641953189567,-0.32188213805435417
-0.3654418232963237,0.8012527210394,0.881958056853628
-1.8751151884181039,0.5085869571394359,-1.167665256697866
0.5900413896269847,-1.000651910564359,1.595122508838728
-1.0475394889717977,0.7617897060478604,-0.3873926204359628
0.04132994842459281,-0.11358327779818689,-1.783690608456865
0.3572417898372544,0.25558100200285994,-0.09135550235894563
-0.41580223245211734,-1.794162123419453,0.5321332273702737
1.8445692817054997,0.040192540444168756,0.36339730372139334
-0.7016168611268037,-0.1522189865703374,-0.7598398369414077
-1.051013357961033,1.1366624956763118,-0.17737428027312196
-0.4765334063081532,0.06763324635217094,1.5741712187183126
-0.41516026083709034,-1.4042316877247427,-1.4871905502279357
1.3441402576977923,1.2478078894696218,-1.8499707692582041
-1.1637685310135066,1.9210889958284931,-1.786045955615827
1.6774289819297894,-1.6972713159587007,1.0525906082039311
-1.0571496889572471,0.8656253881066234,1.171255895419646
0.8801716029566653,-1.9328260494461111,-1.7441442892200993
0.7232945842618861,-1.598421255866537,-1.8973844157414264
0.15804996328730958,0.4774061660275719,0.49561491590071727
0.5074914902271082,-1.0012127454875661,-0.5624174998115765
-0.9853306456143831,0.3926934740947181,1.3121840822786748
-1.6549955298676342,-0.30606742305852386,-1.1521816301010293
1.693088674194696,1.8938868910175732,0.2960924324995675
-0.47828131483840597,0.15865205690674822,-1.0517708956523628
-1.017398014921096,-0.3252960042042585,-1.1156499790570438
-0.5576189620519156,-0.49140379146562774,1.2979946634143364
0.49631961915597955,0.5928697343097,0.6278419919639786
0.2683841209965716,-1.3157603410519672,1.173213920738024
1.349044810115804,-0.2232156214698846,0.8651087052936477
-0.8846865073376864,-0.12977515807300843,-0.7260000614463675
1.9584526466541763,1.1533122084079026,-1.7610836989755554
0.8299020999496722,-0.09805359978985262,-0.0808260140797401
-1.6968963427725159,-1.8203234108502993,-1.7143030774923442
-0.8454231162245978,-1.5229714973309716,-0.1946751858015756
1.4967900324447005,1.7292458172995349,1.5128273880654968
-0.4067429527894335,-1.745708460430584,-1.6420506013821758
-1.6381882830946877,-1.6044066859571577,0.7067835518666312
-1.6286478166666374,-1.1099035973091502,1.8417487761341302
0.9234970790218733,0.9002390594002918,0.031876509593874225
-0.9120341188457597,-0.5116943762690007,1.6940274433628977
0.6716947667978399,0.8158234888239049,1.8842849019231958
-1.210838644541683,-1.4249261924646972,1.033066249752602
-1.0984499388213917,-0.24553146018155836,-1.0486062714981377
1.857049123547775,-0.322023056917752,1.7664239646600661
-1.919641549289568,0.501047490323554,1.1839714184017867
1.8507947173656798,1.1373106237261803,-1.0466469412278228
0.49708626156292945,-1.6319833901108973,-1.0324344590231807
-1.3591118667131887,1.129201461581809,1.6477660077834262
1.2529698445674864,-1.1464921741555099,1.3581294032033742
-1.7846012013262427,-0.14769005426603776,1.0564319445396948
1.4136927572451485,0.4446800550192016,-1.8232944915047922
0.6633112545198743,0.8870482109620097,0.8595913472646255
-1.3770709596035133,-1.005339109442244,-1.4875774014583234
0.5298377607666143,1.9274700010746848,-1.79784752168877
-1.8806972417754415,-1.4325755743502429,-0.7097221191600682
1.5486234801007623,-1.0931305080388367,1.6647120235638693