-1.108665293716391,0.9901132792318634,-1.4756299562661022
1.0269725910141183,-1.0016674132678096,1.3877266547473859
0.7125516268292795,-1.8655671656007875,0.7786301590519904
-0.771943470020398,1.377162715947892,-1.0170533126297212
-1.2160678285731596,0.7561686095842555,-1.4014322135972035
-1.2167056326842745,0.8827961048658479,-1.4906196504897458
-0.6882287416402533,-1.4952569134526288,-0.7043192503868763
0.6280852000821235,-1.7728665484893118,0.7823272767872618
1.2016452841144905,-0.6947374607863812,1.2732031349053141
-0.673125613346576,1.8001105925939196,-0.6965076416761833
-0.7336694485725427,-1.8618792686395338,0.26710677662695004
-1.8406914461689738,0.8000955243838284,0.5542687087080803
-1.7418461776283662,0.5195164263480718,0.6953532900226129
1.733877365913872,-0.5211819221359952,-0.6009484338935482
-0.5796483729069059,-1.9743412300837242,0.24677793468375955
1.6381987160814764,1.0673390383881394,0.3805837687201653
1.2146380490575244,-1.5794914732331637,0.3289652617215878
0.49596156510154166,2.08945235809052,0.02627150996048902
1.011510423956084,-1.6456799790101708,0.18774011769080595
1.664449364265955,1.1722528686553246,0.36860823533437054
-1.1105297350048076,-0.5032458681072851,-1.738904166614931
0.6372927934153823,-1.6327630109566842,1.035940938885906
-0.29271937279831506,1.6390990195296622,-0.7423861729791563
-0.48126824649983335,1.8960450916677256,-0.8506857820018069
0.6516129360111427,-1.5120290007031663,0.9090121208509414
-0.06089166502976194,1.8603339768798297,-0.5744198231068498
-0.2249609705163603,-1.932192761985354,-0.8650864992585595
-0.5661538688850594,0.33696744434382697,-1.986052295972367
-0.054592962316299926,-2.0151303314673594,-0.38376689247769336
0.40827677617270075,0.44991804328186613,1.7977412756914661
-0.8801147506546224,-1.548140242796944,-0.6213530025851957
-1.7540497081652489,0.005360531241183686,-0.9622310083583546
-1.314285465344045,1.0895840878271332,-0.7368824586550252
1.2529571249621485,-1.451067149544187,0.8433741350076638
-0.5603351533432908,1.74391726216654,-0.4073334257437748
-0.719140766796405,-2.1134362509957993,-0.1916325642146325
-1.0468836208789791,1.6768653974473962,-0.18690227748972488
-1.9699577455973147,-0.04505157283506986,-0.5356884719119013
-1.274578617201034,1.645167271142932,-0.3756311135998208
-0.2084928690618057,-1.9946824839880481,-0.015342664660011218
-1.156867678717571,-1.6939928213474498,-0.3853582977634894
-1.955454198810026,0.39540750048680207,-0.7250413527322789
1.980952183187747,-1.010386535157649,0.5583388079867793
1.6031904763986824,-0.9550002321790847,0.6909184994822957
-1.4265477991985624,-1.2709388724003896,-0.5263113270455465
0.8806497248722048,1.0405768554582635,1.4988541831245543
1.1103497386410544,0.5344435704545627,1.2339663259247085
-0.9409868622474996,1.4056859468289091,-1.2788848161184816
1.065400949003985,1.0156678939090802,1.3402141058864514
0.3655590456187146,-1.7740211892119706,0.6944142922927152
-0.963421710117622,1.6382802572996227,0.7925276840002664
1.0650723032838958,1.4492453267834398,-0.8368820068021795
0.559811380170121,-1.8380613964382693,-0.5436289149103924
-1.227676088010856,-0.8598663860701006,1.2000955509220075
-1.3024668422837333,-1.0428037315658323,1.1580888375605498
0.16016326253286325,-1.9813307044174526,-0.41431671303890577
0.06296725676495703,1.921912728622159,0.17184783415003288
-0.19873697746702437,-0.07530255730621241,1.8785715268794863
0.6399947085656339,0.4150078884646008,-1.9538377857409321
-0.3625677806954223,1.642685545004716,1.1001582348538
-1.4600650292603174,1.0380879481350507,0.6062256983973461
-0.24778831640947765,-2.0933739485227423,0.1268195863037646
-0.39928771215576475,1.7554752204151254,0.38164521087339576
1.3077713106549511,-1.3691924842698646,-0.6825066251803418
1.0278618826798214,-1.7908179760952354,-0.36370212800029644
-1.6818078758893744,-0.8121052577967822,0.12329266400473671
-1.733707064274619,-1.0487005317509224,0.04780394882769054
-1.1965731153299841,1.7197603731190891,-0.10962382895065605
-1.780988730179167,-0.9122936508424827,-0.07130468957949801
2.0276834356548825,0.33095068424721125,0.22694893942946054
-0.2398075252153978,-1.9747748940079666,0.16703161659772991
0.1354159295764031,-2.0867371684183724,-5.347274227904958e-05
-0.11748979817356031,1.9268857072153551,-0.16029676295846898
-0.5606159020768645,-1.2084085130147217,1.346595277564009
-0.6517535709096419,-0.6884890382475412,1.7398628990676859
1.514243473795161,-0.33056261509061424,-1.2819189637880846
-1.2628804830956553,-1.1469620808605245,1.112241900491405
-0.36115956297001234,1.98339868396985,0.3715544766796226
0.7920646626131447,-1.5370106254022051,-1.0522918491415019
-1.2684841362891732,0.04399505060688371,1.3592591521602106
1.0434283250224918,-1.7332097783628584,0.2713339705385652
-2.0182927640868544,-0.8435281436514389,-0.4723111368581595
1.2829885929253428,1.6765492377017468,0.2809989208016542
-0.796938432909758,1.79634712039517,-0.10962443174464491
-1.931849107030651,-0.05355435803422772,-0.4038925200518797
1.9791177314497854,0.028750741353519037,0.49652727063788255
1.9497242680478846,0.2670586810295418,0.5464623056403394
-1.56561144075863,1.045018434188596,-0.6378740815939914
-1.1693440177425285,1.539178822882241,-0.2983706234656048
1.6832390214731956,-0.47661949911228807,0.6271529470034487
0.3095365320380794,-1.565265114199058,1.0509543447481657
-0.25932892047762507,-1.5243400359108275,-1.3509213650803955
-0.38807537024702166,-0.48795843093331864,-1.7268466459938947
-0.10694053985152427,1.98990684449738,0.2284462862219109
-0.07872652114948045,-1.7527108258654553,0.04716282880260375
1.457437699058237,-0.8287120197821627,-1.019877227654961
-1.5275318415973569,-0.31543443096013773,1.1355195804146192
1.1069817977658936,1.6731859999476315,-0.8528253900580975
-1.6670927625460514,-0.3789362697730034,0.9936444978956216
1.7027035237450545,-0.15304024767475205,-1.1751292728612532
0.03684912294512742,-2.105127374330551,-0.16072409151582479
0.04657967925644146,-1.9815191893806103,-0.11584495644560722
0.6705300586897315,-1.5695527636739925,-1.3124294096107318
-0.5856948601280535,1.4901536913103932,1.108182860784771
0.9494717877303733,0.8832605616145253,-1.5840855842437531
-1.0227336013127482,1.6389495453109233,0.6089199375482965
1.1539368847268097,-1.408895632417483,-0.7929462089493522
-1.2402892095876192,-1.4548825034207367,0.9517644030665824
0.3102780379758815,1.9338036803597978,-0.24549258110068176
1.0095456025893161,1.6966454377034301,-0.5670913029525823
-1.0616101604150356,-0.38425646961874665,-1.8188401208536351
-0.7411637647106064,-0.8530399635084962,-1.5496965816724524
0.5975833992903075,-1.7319197731254952,1.1283098650674839
-0.5954312156751038,-1.709745162860967,-0.8155732387963203
0.34837770460067974,-2.020346289622073,0.3403203857522842
0.2482305925554558,1.9555635058954628,-0.8748317636397913
0.09251361548140219,-1.7115456206385886,-0.7393144443627835
0.05100850670039727,1.1211687962623915,1.7419038864486354
-0.0951188295389639,-1.118341917345052,-1.3307073232710684
-0.06870691598706383,-0.5139234552465003,-1.8875285203781387
0.040728475478518364,-1.939659430788442,0.31933615495755746
-0.06780499428952343,1.911410687520672,-0.16401818622130507
0.18771638985489225,1.0311500839544765,1.483352896675874
-0.08223134127179618,1.9028820870670602,-0.7657642101707283
-0.21577276452143884,-0.3608195092692418,-1.7895989458282373
-0.7988509488741226,-1.5690085389641346,-0.6605792090080518
-1.15955713580217,1.5349617817091157,-0.9694832848783588
-0.7431271318606312,-1.6413074578262503,-0.7569632007052466
-1.322127492396572,1.0486156337451547,-1.128173154838754
0.12008840722817413,2.1539061942625604,0.10741905897166294
1.8342672501660429,-0.49345538078797535,-0.2994755809585875
-1.0448096803827758,-1.6388919518324838,0.24606700965419098
1.9795589893694912,0.23724237241708485,-0.21801268022603626
-1.3321473713625347,-1.330601721431816,0.13215072709490794
0.04500815319761005,1.9166812448751922,-0.002332516416665427
-0.7629013729617855,0.6989445307711335,-1.853559449785046
0.7006730496542034,-0.7804636466274736,1.7006482434584418
-0.7557695363921331,0.870534462696255,-1.6266952052007557
-0.6784625643448423,-1.2945351975100665,-1.2519662566420313
-0.9155663398734617,-0.43027835193929587,-1.7701091937436897
1.7557402292387931,-1.0053415716479375,0.22878934545324353
0.491791829040087,-1.6780612686108909,0.022704499236637157
0.26933981765124815,1.9122885724749128,0.12548782059580804
0.17194140442160719,2.015961173680534,-0.1240240914055892
0.7231035250976879,1.6693236239980154,0.35665452342502457
-1.5238900027300446,0.975483923535802,0.6885998994375739
-1.417734659073349,1.0787604551446115,1.1055438800065798
-1.3952430611052484,-0.7256405936391974,0.7759679082753632
1.5042255757405671,0.869618458565327,-0.8407234137867741
-0.33751032611938114,-2.093069241388584,0.17884802175923467
0.7734574722633774,-1.6254065947057268,-1.1707296018432243
1.2209280736387582,0.32147051498326373,-1.573140373620539
0.8813520696413955,-1.2321283633683466,-1.4424186045923677
1.0904890629830135,-0.17819549134199408,-1.610220872784171
1.2381865833329875,0.1872692440971405,-1.6822024473424788
-0.43604883621013946,0.42366092731323207,-1.9545942524618123
0.28521556365027556,1.6473474814746305,1.0955963352210925
0.410661878990875,1.3029241807429939,1.4938387832139526
0.06463584636901354,2.0523075943675946,0.12401769829764885
-0.2595337092008253,1.8245299205221888,-0.26741839206457874
0.1623286051278409,0.036887413319675294,1.89263900703886
0.07494233764293504,-2.011840828381423,0.12503125731270434
-0.1075883504529536,1.2596913034063695,-1.7074893175395776
-0.03132415992653517,1.6108359903392222,1.3163364878997539
-0.08311988538227301,-0.751139506493773,1.9760504299453692
0.8164451782694531,1.1699842462252947,1.1946946724027723
-0.3959316247965531,-1.8784527712315757,-0.6105200784133468
-1.1546630455215305,0.0744027890349139,-1.5201402197299838
-0.1128433824696962,1.9864691881369474,-0.14994588999287847
1.0944886699006036,-1.2464073184538695,1.2206994137318634
-0.09158636922409326,0.43640733661717795,-1.8169529330783223
-0.11500774159484477,0.286402868853209,2.0775671036346406
-0.07859690013763246,-0.3826266089189661,-2.013143945528204
-0.22843282120501035,-0.8454584492299606,-1.6257377898444898
-0.11189718810109953,-0.8839381129700623,-1.8233346421888
-1.9626089370744872,-0.5239907847881667,-0.4137913015524494
-1.5947503065327413,-0.906614470920442,-0.4769319712233705
-0.4926896479056508,-2.005029540293706,-0.13661580620544755
1.8962013935788413,-0.6813419062119032,0.6774606142944171
-1.8134058177861798,0.08149830288755276,-0.5759331996411736
0.34192500623827,-2.1712998957948226,-0.10192346444881642
1.8465351439543678,0.8715763615423239,0.1784855370265982
-0.8422625222631507,1.880516076247477,0.013053336304176738
-1.9412995852125094,0.4843344294874313,-0.2051660904663326
-1.5840944789699587,-1.203707257590966,-0.2402575659965378
-0.2572225524977685,0.8219249700333309,1.9096897388215857
0.19621683988004385,-1.5874844336162781,-1.2576724284569032
-0.2049211551005598,1.109080747004,1.6097246194769455
-0.15896293934954883,1.9046167897115258,0.879084598625252
0.15662914407264258,0.9059424225985095,-1.8992605165603829
0.14753963655788735,-1.8058623756189591,0.2560110205447881
0.2371234225989188,1.7799705491265108,0.6536522428107054
0.6436648995675531,0.318230928896456,1.8151666455134379
0.6936313785111989,-0.6464258171957887,1.7144000008677465
-0.37510601522460435,1.6290054297214958,-0.917796306042009
0.9382306891418561,0.6895930610507573,1.5896627121637998
-1.0272548350933552,0.6692355934740324,-1.4873363453245585
-1.0691609081822162,-0.06999919670158931,-1.717764705333125
-1.094682112943694,0.5221108084015346,-1.4611042812511927
-1.1028862952657745,0.43116187112719206,-1.5714064904750509
-0.3986353094713936,-1.9203529341942502,-0.3425657818418625
0.22985476935340404,-1.9010283169029338,0.27329620060825427
0.6666583718519785,-1.6805069084945838,0.640902560209928
1.4053695327779732,-1.0692022071513225,1.014035761327231
-0.8179871221988084,1.4696360602799527,-0.684005264123013
0.7234741751131989,2.0875534616684317,0.2371222492181888
1.7811099885307031,0.22522148586326615,0.20592701233840402
-0.13514761779129814,-1.8876075892859718,-0.07504876718034283
-0.5974104415105363,2.0088286247644462,-0.06194170958787722
-1.8522990728563953,0.9308583138541389,-0.06910197988823007
-1.794071523166296,-0.8432824525759953,0.35983494255828025
1.058873845646813,1.629417713803018,-0.14620883838306362
2.0112731674933455,0.15811753889591915,-0.06733705301955062
-1.8779097115642134,-0.5533769854612504,0.07987316724371932
-1.4072886724298075,1.6411573583301573,0.24849725214915774
-1.9526509119631428,-0.22958967780362413,0.45668908591199725
0.9259785016445767,1.660464471589485,-0.23879054857599247
-1.0317442444943232,1.657623590995183,0.2249050190574859
0.3938376203957484,1.7121945869639192,-0.12287563011499546
-1.6187106309553225,1.0738871240525685,0.26262053792476187
-0.6915835372113444,0.4693893279639891,1.9040392376991504
0.06022040191400255,2.255232816183736,-0.06769029334681607
0.20881720178563384,2.051241236762152,-0.5610931237313227
-0.7233078162862913,0.9158009301295743,1.7321698470917004
-0.5359773819156096,0.8880846348163598,1.4613902031977002
0.05910697245685005,1.8614676882501469,0.134800733617112
0.6412384010648156,0.05243995549758624,1.7535092266251906
0.43206560815099476,-1.4324472249725362,1.428498856414468
-0.5638485180220484,1.1139658803170513,-1.6804206566161515
-0.4015486629562043,1.2920999612503208,-1.4930105983510802
2.013581190285672,0.5826923012990769,-0.29316600988836855
-2.006840494068107,0.3648184051674139,0.33938868608861805
-1.8453588381469572,1.1269610957401253,0.22679028516643499
1.0280401367247856,-1.7832811432275075,-0.2122251080255489
-0.8938878516138538,-1.7711000500264755,0.027474576255648295
1.524157936619643,-1.1550178994261975,-0.18223795009774688
-1.4753156262813956,-1.3654080064557146,0.48987735757379725
1.6592002836573292,-0.8951349716580573,-0.3953742462561192
0.00765869406965284,-2.172871568902839,0.027753122337430935
-1.2871422477884826,1.4516630069696101,0.29773877012536876
-0.3634141140864,-0.4864495611519792,-1.8385984633452341
-0.26671452660189804,0.7623014767149169,-1.859373910220322
-0.22198396645655066,-1.2608799675804572,-1.623115276288143
0.015700277095032026,1.8520982454884842,-0.0501780900207715
0.32536492425798935,-0.09990491460524975,1.9880560486606356
0.022371777454672864,-2.0546200682292293,0.4381647057618994
0.3888257787280481,0.7783302977734974,1.581013297548382
0.28070297940359895,-1.6546398787991863,1.1063873476530002
0.25042125017993133,-0.7738225699136281,1.5334293073018002
-0.3920414536862121,-1.5211688220892507,-1.3211153414244599
-1.2051913166291282,1.5765513533773945,-0.4830647879305314
-1.199286332839001,-1.6939287726447336,-0.3845219836907713
1.783458614760978,-0.5657577861805873,0.7167506947465122
0.6520354031332155,-1.8121468983063713,0.2209012859554481
1.7942923249194245,0.6707123469286084,0.7569866503115745
0.672520597274824,-1.37820700163291,-1.2980596433324307
0.5936948322157789,1.6749665257358315,-1.1146560269399537
-1.1418766039298098,-0.15244046569018727,1.6759953278628292
-0.18114297413741487,-1.6880776045359096,0.45780331303084043
-0.7754246943275479,-0.605981651202078,1.5980112289688506
-1.4236707786409695,-0.5196547087300606,1.4722474343497471
1.2246537571497382,0.6569545617770016,-1.3651722325891174
-1.1462269188585208,-1.1535320178298312,1.4426439782853668
0.036338132944528506,-1.9779017908153946,0.13795000924131498
1.0238489292211475,1.1468076091444237,-1.0083414926971541
-0.1162448511574404,2.0297223439754997,0.29532557274374305
-0.07208338911485772,-1.942758979050328,0.6876255860788503
0.24476207920062806,-1.571118190826451,-1.2743081090835264
-0.03298822637650363,-1.9188634310901935,-0.367783863398888
0.19252708851788888,-0.733818026198933,-1.9264943267637937
1.8262542324483424,0.7181026523420706,0.19758175918638118
-1.543652140047271,1.241428373524934,-0.2257610784960515
0.6821352536843363,-1.9797481051408872,0.13018632819861184
1.850463504513118,0.3902710578011733,0.13886980148741232
-2.175173272911725,-0.18152135169002137,-0.25571819021458886
1.1447700772583502,-1.470561877487179,0.7772312766739767
-0.5034177649023506,1.7354776145999313,-0.263334698522552
1.283319317402906,0.9770013651547345,0.9019697331953923
-0.05822493668646854,1.9209767774728022,0.0998276986692738
-1.6336584692943756,-0.567118718979739,-1.3384215414763578
0.04674525312589623,1.983857707031423,-0.22308374413760393
-0.17232506924572732,-2.006885412900827,0.06899987724544981
1.067824345400976,0.2688145723957261,-1.617631334321871
-0.9069604876375618,1.1355334579596148,1.6722358746578798
0.7540938037071678,-1.2423379669151915,-1.3827409111940563
-1.6039162247775296,-0.765494791542387,1.0650845916465608
-1.651349865967383,-0.4911789471727767,1.1453171626973706
-1.1917528830821862,-1.3919629964911493,1.0093952441968743
0.7864496656568425,1.6745098614915936,-0.5110071729030508
1.3942054585186578,0.750565276065903,-1.1957947417654913
0.6199278140531772,1.5909470284284526,1.1287909888755667
0.6126911175334875,-1.420802735454602,1.0608239121015897
0.951777129285402,0.11042468991145706,1.9467322828501017
-0.4947261291560053,-1.9461239239864112,-0.7405654046698529
-0.9911797403258856,-0.3024639047201987,-1.8141711696282583
-0.2934823895124549,1.9738615399805834,0.365344724868291
0.5905947656068888,-1.7043658988863957,-0.6495471406968968
0.2225802112370185,1.8787942332400847,-0.0537037916060024
1.1512254161564508,-1.2812821264101815,-1.0495614699136953
0.7704958213501484,1.359913580966917,-0.8623161407832368
0.1882402601307397,1.9305173563937945,0.31169839193316823
-1.5129148790084115,-1.051212920570141,-0.6386947401976081
-1.823730537550789,0.3414089400233008,-0.7161174842675847
1.802951434316836,-0.7622739365557791,0.6866838983500696
-0.9849192464097574,1.678974015369276,-0.6150451622548636
-1.2124616151869083,-1.0372322401119314,1.1490008561746503
1.103834669584665,-1.4001997779163362,-0.911414876240669
1.3566885419542132,1.3680621343748924,-1.0002265675201538
-1.6264631134331338,0.4866729068522012,1.124958540640297
-0.6474726471577831,1.8420175019938354,0.2893372958617043
0.07855605742301248,-1.7433789991761972,-1.0941553512057194
-0.12943287505387877,1.7784284502805043,1.1726634402995257
0.0062685941548792715,1.9529703689337377,0.2335670720446296
-0.18507737644085084,1.600677853183179,1.3688620185611529
-0.059831057883927154,2.1057673755110278,0.4219644654916765
-0.3579487219847761,-0.3386429186136784,2.0231493306514583
0.05663433532070528,-2.0165844824847476,0.21478304299271977
-0.1695249835619519,-1.5167538282171267,1.2195053310246087
0.2988089030518276,0.9206924130463995,-1.7560644575805346
-0.464925687532726,-1.1229200920768636,1.725186589035679
-0.23091123760907548,-2.0321506571937666,0.530810437788794
0.22450069305134696,-1.9748277696783951,-0.33376031324901917
1.1211611933105134,-0.9242234286313336,-1.1971047880993797
-0.004798359807957453,2.074227617519687,0.03171584932103237
-0.9907318636053868,1.3018100397469874,1.1858434289802264
0.43972026183646096,-1.8259423479930688,0.2703828112598983
1.7147827788541659,0.9426853447932134,0.5856973158078586
-1.3933477564498349,-1.5080581576535903,-0.48736737717385703
1.1809752956782873,1.5551290179305188,0.39580485817405753
-1.5731420045844828,1.2704888124035816,-0.6929532873441995
-0.08212236549249256,2.024588235667854,-0.591635527027928
-0.21701805400459762,1.6632642400215756,-1.295401337253432
-0.06220078410878947,-1.9405586418360594,0.34154034154093804
-0.09996275776284838,1.2557607843426428,-1.6312461028563736
-0.0071989261502219196,-1.9947580932444948,-0.7891402428806011
0.23056030056491614,-1.923450248708942,-0.05502606769188595
0.29212533290469994,1.923276242994433,0.07635531088647032
0.8527795103746133,1.8304371154841574,0.4728508549000897
0.36850888968369166,-2.0472165242902207,0.2890171528269537
-1.2411336024989776,1.2714561127307318,-0.6520099060245047
1.5915480769963453,-1.041494842718055,0.3103168640711692
-1.0356210564086676,-1.6570537554168818,-0.04228519971626851
1.0937802526992968,-1.6027543129946156,0.041324117713258
0.7321985358822031,1.7108072365090978,0.07718080450836738
-1.0230416611532573,-1.7790276216085519,-0.04981295255779014
-1.5810656593982455,-0.8636899240137319,0.8817984813164207
-1.26508706401055,1.585553078851225,0.6909086873031688
1.1896398340336622,1.6401735404800142,-0.41120165006551324
-1.5371513256763334,-1.106351378529162,0.8911617002165017
0.38525175305175885,1.8938860146825476,-0.263802339919639
0.9266424370457694,1.7854237917303661,-0.4349263315806273
1.874024287641591,0.23048486238003493,-0.5553463672942802
1.7937853599315494,-0.853878301994973,-0.4577369357133623
-1.5674621530914683,0.7225946782841304,0.5063235425649885
1.2782298592369756,-1.3839643970458397,-0.5629615526424828
0.49137229517278996,-1.0089700789231324,-1.732322597258083
-0.13933115630476497,2.071294416125551,0.344932284387852
-0.14168358373498152,-1.8664699688126067,0.9307700768295019
0.3817948694403464,-0.33102624241539513,-1.8086917897103143
-0.46500452487312094,-0.24229886030881084,2.0118468938952723
-0.01695302297919392,-1.9577893268343347,-0.12017378429857031
-0.4671154029518314,1.4925752873501528,-1.0991283898235178
0.8404045765617931,0.8905342607032918,1.5953626443324622
0.8876443001415677,-1.3856016155623943,1.3169793051486318
-0.6032278623930608,1.6390128794789904,-1.1165685856686722
-1.614343253339576,1.0181664800429422,0.7078153851057931
-1.1798911633273874,-1.4459646344029131,0.7003748304004991
1.6829357908077887,-0.8558262740986297,-0.6841861228497907
-1.731924700291868,0.3519982024112573,0.7502078743004229
-0.9436172971390488,-1.7027685753108273,0.4346863741683847
0.6249028239052032,-1.6962517127034402,0.7973800869520193
-0.7803157337734546,1.704026815090161,-1.0177807649803545
0.88090743872437,-0.8170346063173719,1.423008954508754
-0.5456056065082467,1.1823755170694585,-1.1608927389487431
0.9657614565994178,0.3160600267748058,1.8197973328314405
0.25582375285144865,1.7300456192699816,0.5788889289666858
0.11857783159032,1.777708379462085,-0.7024575583527705
-0.5215292806599983,0.5363984212613258,1.68373752849146
0.3800574520975442,-0.2826832407313186,-2.0517064267979053
-0.0910805516757225,2.034619917801264,-0.42374603079873185
-1.6101358146803975,0.8517989166642945,0.6753194478072352
-1.1544777515123892,1.4671055847894996,0.660567882696683
1.6657284075284176,0.5733983752752195,-0.7495434051767067
-0.14573411980100404,1.935578926984326,0.062295143053208976
1.7542744107925488,-0.11708300782858061,-0.8700145472707664
1.1921281007433375,-1.0381970189382517,-1.346339306547726
-0.19303747743412022,-1.8865465121428777,0.22139458400147993
-1.2499887264124312,-0.3754875859322071,1.5116046013041262
-1.539536444927376,-0.4251089383958958,1.4104695316546774
0.01726255900106665,1.898122115610104,-0.12575041117242022
-0.22074545293412406,-1.4914172757795423,0.8693886575627751
-0.06991803886212825,-1.4268775415381711,1.182422580987722
-0.6353801120412298,0.8122425254046226,1.6165073644032237
0.4451241943233357,-0.6236107109394586,-1.8374619218581842
-0.01568940512973699,-1.633347921079841,1.1732162800630892
-0.36526858847679444,2.0230571943637035,0.21182971212904453
0.6507945364873945,1.809260608964584,-0.3511724007970343
1.8042610087216435,-0.1044475806389385,-0.9353778610603053
-1.4262602275609721,1.2338938500188736,0.9021620220768841
1.7519208524257481,0.5723790838350473,-0.8715042310993839
0.41816442830836675,-0.8322816730416307,1.8388813418589351
-0.019966714076024468,2.052871512793897,0.2098383189389596
0.6975337263102163,-1.0610891153004052,1.5938884906455324
-0.8018789129755116,-0.1437243911593014,-1.9406732167002316
-0.5374962893503163,-1.3485960072733696,-1.4235206700088352
2.1485236697718264,-0.02487998724747383,-0.005106845360543288
-0.7185114938149377,1.8370603544153028,-0.13430462951746192
-1.3582029896415742,-1.5236436451710431,-0.09453704655541123
0.9412113317882023,1.8307615644933932,0.1394465650614829
-1.9598996432498597,-0.7242703642933183,-0.03829281418311073
1.7972615620548114,0.6582499575375526,-0.5973135109794322
-0.8999874222637629,1.5409920137873039,0.3115305571922075
1.8692408296561323,0.21045471520668577,-0.5456220174632992
1.1435880125535012,-1.485666709113671,-0.37049275448799796
1.0363105363749534,1.601855784337783,-0.2758360156095662
0.5410522920567353,0.858610170099857,-1.702383056937944
-0.2053683010204777,-1.9996287956853867,0.22183003134190857
-0.5138252777268101,-0.5674942665913215,1.7885440331170448
0.30885847708524194,1.9791358319461891,-0.3981103385039989
0.4990713421300854,0.10068083831347263,-1.84916856288819
0.8839548083272376,1.4815892427658268,1.2232588944392848
-1.0754049187616952,-0.07041958400829565,-1.6090048511566544
1.021739763913622,0.7159882468065879,1.5283929444539748
0.9701372241946689,-1.123315964391714,1.1639245194113894
0.8998000689254139,0.8675404445607396,1.3692022301822282
1.4428011963075733,0.07958413047421589,1.440125360992935
0.6110719372655908,1.897372168614781,0.5569390081109106
-1.343687472738464,-0.7693512874479133,-1.2126023644779178
-0.22169442569935127,-2.0085511193194057,-0.0456998998716797
0.9599695540630196,-1.6939049429360644,0.8236406690284694
-1.357055726177745,1.2687941341549516,-0.6654375710001135
-1.4857728801181511,1.183188033652921,-0.5101822133035143
-1.895097903569273,0.1807262841173103,-0.7518103167427368
-1.854475570243344,-0.5975078046390048,-0.846979080468589
1.1336590936051376,-1.6782427971239382,0.40737216041225227
-0.4418382256655266,0.4882430901108141,1.926134880621708
-0.38291907834594685,0.09981367950914309,2.1204750960213987
0.06508589860911346,1.994129432060224,-0.46516977119859365
-0.10009575537216993,-1.8520577621356864,0.7997573469404203
0.538154730620079,-0.09211546235392593,-1.8509299866028583
1.9499990817878365,-0.26642081173551174,-0.5567414553812063
-0.46198471785724965,1.783177540907104,0.2937529186179765
1.0070463400436478,-1.6140906566721311,-0.41457074690902795
1.5326051959058808,1.0073385806437334,-0.25096441947426457
0.7798780511834857,-1.931490684186418,-0.1660506802831743
0.6046456034734399,0.28689397097367636,-1.8227555216614428
-0.1817043399842243,-1.8826817342396946,0.6518001848994679
-0.39778132024929336,-1.4356662047705675,1.397663392550671
0.1992445023172542,1.9075766250314343,-1.0788200049741266
0.22443275682844344,1.8762898278308136,-0.9265099600851544
-0.5465043381497297,1.725687494793548,0.5672008784089541
-1.1045736273664575,1.355919515819742,0.8094942084489221
-0.4212878150895902,1.7300843533346906,0.4263106703012206
-1.5245742036366485,0.8217100065512553,1.0729781664978286
0.9649569928205262,-1.8874031811189196,-0.6919957565326186
0.6996449907647988,-1.8515435739148642,-0.01106718237797552
-0.5496100203295305,-1.8785075696848668,0.044500300363593925
-0.9222737410975219,-1.722003838257566,0.13306373196603888
-1.6897388630239711,-0.7535286155829484,0.5004569159329812
-1.9175037832787194,-0.9264775545860303,0.35746365708485484
1.4309207517625528,0.11642223265746954,-1.33643697931377
1.0551753368739705,-1.5496123730497517,-0.905769644820087
1.1861285092128344,-1.5665082202274023,-0.9942246812342859
-0.28200393771025195,1.7219062255381117,0.253535106249511
0.8791659121190466,1.8150997371707136,-0.6316816040834403
0.09187279214427702,2.0471101236880163,0.19007425665054575
0.5752076476904766,-1.7935541362058762,0.5625100336410022
-1.528966008344807,0.3022004087607908,-1.2316797673278617
-1.6957056703412197,-0.4652185491020591,-1.266519047744557
-1.6424647931636678,-0.3924587385606914,-1.2031923141049758
0.47573565627987363,1.9184928370024878,-0.2811890436490034
-0.9112646712849392,1.6051453746625184,0.8023632794903106
1.6461792666355854,-0.09597639993237082,-1.3133003063044837
0.7883853381915593,-1.7020392332075691,-0.6874688941961877
0.5350251673899845,1.8265414224106375,-0.3212596991021805
-1.7034857489489903,0.9908711689173478,0.5496496119416722
-1.95030334835002,0.26501516409598713,0.5368386273496051
1.8219949902956474,-0.058459877850714714,-0.40757251088534596
1.8929080678697037,0.1902981671488537,-0.4677594949094047
0.35412353946288166,2.001622152412374,-0.14556246947682835
1.658309404239075,-0.4370853590947173,-1.3261685403185206
1.0731843722116048,-1.4068852548825135,-0.9180007975597787
-0.24802331638243225,-2.065366881440094,0.28516933057005467
-0.5415305039145446,-1.733730351496772,0.6852472078034076
-0.6178161331727362,-1.8512885212264343,0.3422730519412409
0.7134935076508533,-1.9581706047097611,0.3024053802513138
1.4892050944904256,1.2462376969362774,0.5003697006560494
1.332282281188551,1.4555875522120227,0.5132667965861287
-1.4189343875001748,1.5383254237356452,-0.49984822955305597
-1.6939419695767344,-0.7309307097775762,-0.6326811725096692
-1.225107304395707,-1.3464752415706354,0.6329594362580084
-1.7353812142071379,0.1400595033098444,0.8121688886998195
-0.5233645077561189,-1.8057655050088695,0.1704903421539343
1.37368198693488,1.2162573593821489,-0.7901531848472076
-0.15049417588522185,2.0949637459246038,-0.13263534655999654
0.16613738564276742,-1.6936445215945115,0.9058214300936036
0.4629630499820678,0.7670502544728253,1.770328611660865
0.4627995481649136,1.4754868244200008,1.2138766885585262
0.2677151088518898,-2.0179202028326957,0.29903832714557127
-0.47824176468502466,0.6731833127933735,-1.980982711560456
1.1598050571803493,0.2610050037841911,-0.6258972543100492
-1.4387951305005955,-0.6888484121659526,-1.6505740198837255
-1.05762513333897,-0.20388859555544858,0.94024422644125
0.2945712159801923,-0.22773493395417033,0.5329789990068905
-0.3288976708194724,-1.793627749594521,-1.7066046916265556
1.4790132801850047,-0.6574832538255264,0.6516683287387126
0.6195281335748168,-0.3357471707704982,1.8660728254290135
-0.015278931277110885,-0.882935543297604,-1.0751250318452983
-0.5661682310414582,-1.4165709548099366,1.523198291004138
1.1919704343409414,0.9798051462249404,-0.629917574170701
0.5278606318318091,0.7361833335228325,-1.6985681336700629
1.6646342299433106,-1.8852018252963845,-0.38598131944200853
0.24281335459075626,-0.32220562550218057,0.6130217560164946
-1.0687006328360376,1.6817068858551982,1.0607670281502344
-0.7197699027534883,-1.4795861238080446,-1.073632984724409
-1.6581692015220009,-1.0406763738126155,0.5511884107866778
1.9192986115358637,1.0171155454353786,1.3823159213135057
0.46825706915976495,0.07293464667209681,-1.288154221649216
1.03272342844924,1.3682496007299414,1.3162034502528743
1.0336844175554134,-1.901719671325592,1.08540017695256
-0.587726700382817,1.600148744095513,0.20619036813225078
-0.28521405020200197,1.1099787202356572,-1.5504353158672863
1.2135162991475141,-1.778857181171523,1.163028410131024
0.012226641568079177,-0.9440459751963961,1.5500691083238052
-1.2917926174203123,-0.06745475919256405,0.8376910698300031
-1.7844949365449887,0.2635117829093958,-1.804392404996269
-1.5627944924769728,-1.2143587370195132,-0.5765837911611777
-1.0726162062068698,1.1601853074330006,-1.5994740224465671
0.050241324821262534,-1.4390670481902883,0.9243772141386781
-1.7793708513420707,1.9848937940991007,-1.0229266414541112
1.0806798320167905,-0.07428544483055344,1.5378430778398808
-0.3485586883638736,-1.9919748249117122,0.09684031273941951
-0.20445384644022946,-1.802455084987269,1.383156855177488
-0.6867729054135308,1.9806118299295363,0.13818481670377292
-1.8224462149907787,1.2943716064839417,1.940511764300688
1.0279441928536337,-1.0532231114211341,0.1697016260780324
0.2290788108287476,-1.2603492492883484,-1.5639683483803766
0.6452764536600162,1.0697914124294083,-1.984237192205987
1.628336002488418,-0.7655514563578705,-0.3374448239912651
0.44307889603514194,1.3525600524928483,-0.7824441569364948
-1.9309672783867908,-0.9439803437121186,-0.19385678725802347
-1.3168220608041006,-1.3577575662665224,-1.842541623545734
0.7840572397051777,0.46856858885196173,1.6712287025655073
-1.1323798757246109,0.037310651219482516,-1.1720773244932357
1.2888433661966752,-0.32355289724301217,0.00994006350461829
0.1550207116870146,0.4313374326770436,1.1864703415506894
-1.3720714281022843,-0.07781548540333105,-0.33336451349270835
-1.6826200521756927,0.38936718625551725,0.3326896087097153
-1.8951060682923835,1.4575437337411774,1.6169497413671041
-0.6851855099120425,1.8050326939152614,-0.9163654671371466
-0.5252454192807545,0.5986187342424985,0.5707011161060018
0.7894250072307871,0.1909612052827656,-0.5999811159676671
0.28848050364732014,-1.870021688645369,-1.2247989430165291
-0.28050518786154166,-1.4675550950246357,-1.948741840931926
0.3715211360175914,0.05837778093011359,0.30268440018966025
0.36839178110343695,1.1584259226339326,0.23795933769901545
1.3346112733623308,-1.3047823212405816,0.7775530735655933
0.6795937597969268,-0.7879587350221637,0.735728421476677
1.6893106903994926,-0.9444051855875917,0.1819894199515839
1.7538092825709999,0.39355969225265186,-0.9178396022242663
0.7940245075911871,1.630519776002715,-1.6691159384757621
-1.5085117281338065,-0.5647666978716055,-0.7452437578463655
-0.7984211409694493,0.09151309561892651,-0.09812309594679558
0.42586163374765773,0.018238328236217516,-0.021034943003960027
0.18788534091384612,0.8046543109882109,0.8046475731710236
0.3622868885894288,-1.743969510980746,-1.4635393948778566
1.8352161537246832,1.2601607629818234,0.7796090027120317
-0.9709271538524638,-0.9932780225626439,-1.4041061904502312
0.49289598608469065,1.3174265395113256,-0.7361624257460204
-0.08188935387360896,-0.43652648187470433,0.01531225643940104
-0.08915240481575015,1.8616957016111892,-1.4710296273480128
-0.357385275697915,0.5938638868052402,-1.4083471347960197
0.3954537385986203,0.7076097251215905,-1.8749803075214881
1.935066970113993,-0.24269948259096719,0.7875368805166616
0.6956782381860966,-0.9395129108241917,-0.21194833491422838
0.28432628875818766,-0.17178684047650528,1.825756706241369
-0.37856866185448057,1.5408379647632051,1.908340554445639
-1.7364853555752156,-1.699632190060267,-0.01036930541607406
1.8959617456717015,-1.5898546948882064,1.4198666075353668
0.8892609649692731,1.7351694021558717,-0.33522165466401965
0.7212867741031928,-0.8593494437264964,1.3918737156331042
1.9426991737200021,-1.831106041224606,0.05953457327970657
-0.7006289190702035,-0.4707885760851549,-0.09114078707944495
0.09000604825700398,-1.7307679523972697,1.8623936068754339
-1.1264747770514592,1.7025418825450025,0.21877539570377103
-1.5625652015253255,-0.12731881788965538,1.4448745668597587
1.9986720316519944,-0.45530933407773944,1.0911426071854775
0.7616709515045965,-0.863053172245813,0.2677211409764184
0.48149021585205265,0.7428211714215434,-1.9852857014968497
-1.7601027700088414,-0.19611667384067655,0.09717363932210032
0.46671730062475625,-1.1445873430057607,1.9496917549111865
-1.2069285635715121,-0.7435797619009925,0.35952906163197973
-1.3300678219345614,1.363781832884598,0.6727230196539487
-1.2647606433854817,0.886654755054646,-0.4814902109297283
0.6489634334066183,-1.9007853541711497,-0.8795794916363517
0.2514642013147599,1.6859727133917182,0.7895850065294487
-1.6253064113390652,-0.816128916004498,0.5210122010478524
-0.4281420602901793,0.6296597130598327,1.9078565283547482
1.9875450343259105,-0.42532047548017804,1.1444428176984691
-0.21201122672840356,-0.8002852040288189,-0.3960055256266113
-1.2182578388964083,1.535126472716529,-0.6805738361648337
-1.525203464619251,1.5358067359836873,-1.8383939197020358
1.1304835607512436,0.5942478243633214,-0.1901009467459347
-0.6084653305324976,-0.4406820836767422,-0.7907557156908362
-1.6200294335165388,-0.5502597404379488,-0.6470425366613264
1.5118967204807223,1.52675334494878,0.3958626330004229
-1.4792510291665097,1.674241044367732,-1.3689379681572476
-0.09730354398306851,0.7116016265893514,1.3738932757122297
-0.12576006541270957,0.41645671923664507,0.052956712064534894
-0.17674325976304095,0.8260588361002088,-1.820153349004641
0.6334767337134526,1.8640830724344615,-1.8965641715670993
0.14662357768579914,1.4870734254261988,-0.6177460739940788
-1.4147595932435073,1.6319549985902921,0.043442248235508796
0.9966437901956002,-1.4291490760924384,1.7946613512553444
-0.21518110912913135,-0.9520136143382358,0.6902411753699318
0.11161964736578334,-1.8249064530413297,-0.9923085715123956
-1.6621041389385018,-1.2810858195674677,0.5661086721454796
-1.4176550445214264,-1.083279582935103,1.4186438338424638
1.4600524715430172,-0.9700394695626042,-1.5428744771279304
-0.7473078359746723,-0.6992932743626339,0.24219700105062003
-0.3621408977819298,-0.6514418944834288,1.1855304743521744
-0.24077255597554226,0.03354806155768442,1.1122547987050977
0.9365022863059069,1.5820435535492705,-0.6488810455684999
-1.7678190148781363,0.5887920546651015,0.19247223916373368
1.7845197207579413,-1.9526989698275887,-0.36240992406931394
-1.6022887229486926,1.3854282937568017,1.4139878520941593
-0.7200636241515914,-0.4847550321130556,0.5838305486816315
1.6656229236847615,1.2831642680137327,0.5594488301358012
0.7234500799015318,0.3066678219065615,-1.8545577728209088
-1.2830787167330175,0.07400062949127584,-0.004621207322407006
0.1388109952358425,0.011531933264703476,-0.10005929638888311
1.0393624518499323,0.427392098624781,-0.46153965258077
-1.160864566123942,-0.14526675752413132,1.8270020337070898
1.9460228833158015,0.40767715447184427,-1.4662055282502404
0.14734967064815052,-0.059100443349436205,-1.9124549168337324
0.7245550686516928,0.544498792958191,-0.1278579529667212
0.8845541424207335,-1.8710943631497434,-0.3286795713727386
-0.9651085270719206,1.465773414860612,1.727506617716891
-0.696377936488668,0.24640845158106206,-0.6895000248459144
-1.8645919107730151,-0.586314012053744,1.2508229753234787
0.7914363815919265,0.39176936438025756,-1.466286915756558
-1.777625394172086,1.1930480026023274,0.11221106552733895
-1.9157029831397256,-0.6145795522429998,-1.3119799346553518
-1.627780522732237,-0.8160758252825926,0.2826310743293101
1.9097802661375112,-1.4736627583234196,1.8706610272147182
0.5263474672334931,-0.7061915058089796,-1.3264602091846487
-1.8747048446632473,-1.6946708568455007,-1.2155552348517817
-0.8566384815352088,-0.09323131961856568,-0.44349420240896187
0.39732536505405713,-0.815872544538871,1.738965080213366
1.129534995862414,0.13602048562999558,1.0312609457860757
0.6604213473977123,1.2189928272870336,-1.0046993976993934
0.9474125758276917,-1.1906156776776817,-1.2306861916513796
1.9159630252182938,-0.974596281297492,-0.8373710404853947
-0.9856490167125709,-1.7696574584434774,-1.5083973961663948
1.2565364580445508,0.5853381213424051,0.17919881764380685
-1.0986010048853916,0.9028802285928941,-1.762940857295424
0.44549120940463904,1.847142064338604,-0.9642318083516486
-0.4181787390515126,0.39763138802976217,1.1062696927868396
-0.024712253983582677,-1.0346236603687164,1.7360714642022548
1.8350951380810545,0.06831075935708997,-0.16122130015006997
0.8455808656775496,1.5338852336534141,-0.8532314926324434
-1.4596235273002862,1.3833245051632606,0.4030134220657806
-0.288774554219426,0.668610972989216,1.0843196100278267
-0.8713279976999706,1.1305474650262566,0.8432235516010844
1.7067047696876188,1.0761844819092223,-0.8271808049840752
0.4326595435909688,0.3588181700172912,1.1811372441954675
-1.72999666660822,0.784177953833352,-1.990870421501341
-1.703672447378131,0.8221952178386682,0.8891815378124335
-0.0996957686927562,-0.739368963791013,1.1848071114317515
1.644257207164753,0.9252465813263959,0.08307258730842149
0.020082418711689698,1.3547143298508209,-1.3777943139505195
-1.337422791782382,0.024840108349978962,-0.8652818650484688
-0.03374887904694113,1.948026368709562,1.9073017057436519
0.1815355259450544,-1.3790647381922025,-0.6235663782673844
0.05214066666065165,1.4268138789463434,-0.27021595193885606
1.2891436121940973,1.7665832949171159,1.4661195250243408
-0.2288405738185708,-1.6593436698418174,-1.5634869301716892
0.29626977727358117,-1.5937293353706448,-0.5620234214509403
0.22233464767320488,-0.7644007741009617,0.4703641198281807
-0.6777708228679789,0.6590949926924501,-1.952082569870135
1.1975226830664312,-1.3121326219477631,0.4276211402939838
-0.0033703395149475845,-1.875752225209681,0.9976633573809566
1.8850474112120605,-0.6826848035290198,-0.2350716905669299
-1.2755890585989147,-0.878935551898516,-0.3909472486669059
-0.06580551698932924,-0.9164988223447446,1.943645286895428
0.4483879621720428,-1.7068393461502658,-0.6314324545519394
-0.7516839777878985,-0.9006605537478487,0.8855984927074343
0.40965379291296866,-1.2851484327262486,1.9075312842787358
-1.5807627558626605,0.562886910366355,1.3027462124492266
1.940991040495463,0.15114871900361138,1.1530850427926955
-1.6898686664748728,-1.4238989139347864,-1.399339271300048
0.3118026747975229,-0.6928018025860743,-1.2186064063220106
1.1689521706116404,1.1462185566007577,1.5323436197688682
0.03053978087388609,1.386793432959279,-0.4414233839952417
-0.23472691223176412,1.4191800667313448,0.007623519885043617
1.3907575861783346,0.4210184743873855,0.9220653259446334
1.4885883718073214,0.4304931483278671,1.1574625370636324
-0.6238421946451225,1.9174095116689802,1.9608673261035952
-1.5103683834837587,-0.8486476081959187,1.4263577033399168
0.09419891877860431,1.2846136412264135,0.0922929260438008
0.9315356418557417,1.5259779216367848,1.576705908861204
-1.7806843936864456,-1.7590122807230437,-1.4863685070376986
-0.9940036218492132,-0.597356884462771,0.5911458047552167
0.17232268016979413,-0.5930896054634447,0.30119177486008075
0.6113645502970946,1.5323514621949093,0.24447948168077804
-0.6407171180314628,1.7341268073409797,-1.8595160200824852
-1.2746617186032583,-1.1602086494814818,-1.2193082941470026
-1.5660979523284548,0.7384376544080102,1.9826668939710266
-0.4123727202886234,-1.7220526617362015,0.14603023506553825
-0.8344166772533042,-1.7993757350937032,-0.1039021616987017
-1.375417800519526,-1.2416457953816127,-0.36197161874768335
0.11745824653102988,0.37332899961434274,-1.0831035395453434
-0.5293763502316171,0.5821637669814517,1.647224304099498
0.5720411790577424,0.6971594005498454,-1.4415548237323104
-0.21267173729898659,0.04170029446654322,-0.6142155650133132
1.220221535849375,-1.540343838360009,-1.5785427942253083
-1.191563191521059,-1.9578064673850673,0.9352569670963629
-0.4928097944640757,0.4176461947993646,1.8747180583051501
-1.681607873361187,0.7227849014090113,-0.824435709610523
-1.8118688795549414,1.1729404913150874,1.425448257078863
-0.18792956855248288,-1.6970076206757576,1.607204974870383
1.311645216034158,-0.7359073739664801,-1.0193265384838628
1.8530521123026302,-0.5730134277094368,-0.7461277634911623
-1.8287016718531892,-1.8920934673440448,-0.6153543515975142
-1.0819254727263945,1.6922360451771916,1.3311902649968297
1.6199009672806053,-1.92651988512671,1.8259442715118417
0.09878210397961373,0.5395235241391099,-0.5404206635631192
1.580430934145038,1.9969650344202998,1.9838469986415301
-1.0556765654220794,-0.7767869910295286,1.9984356091616036
-1.7899591092577736,-1.291744443783112,1.5513682867164005
-0.5754014625478212,-1.7761213037461139,1.4326431287402106
-0.43980014788352895,-1.308810360323406,-0.881972006627012
1.4937735246167665,-1.299872804341104,-1.3789556038677806
-0.2801976516611355,-1.6886873312900499,-1.8933829935124002
0.5255814276090289,0.6340028251018928,-1.411297605360366
0.7536312533447012,1.0769182678413092,-1.8585619579185138
-1.7688387031685249,1.270485077012073,1.294329310315498
-0.9683477387416208,-1.135939300945604,0.575555464535666
-0.7275521133961123,0.6411541164971006,1.7171803052008032
0.9411297360360149,-0.8792265915652346,0.4734889509147111
-1.3956480819089956,-0.5971925052279565,0.30699713240721804
-1.8633353517623714,-0.09424392197518339,1.3957721858862904
-0.5087281555548895,0.13647178399448912,-0.6819831658313742
0.7148367528725368,-0.6270206928505453,-0.847776291386106
1.866369127109821,-1.3898824454577854,0.806278925534988
-1.3423601786436752,0.5639089198379108,-0.6995634199493002
-0.8794795386458238,-1.0083061214354823,1.7267017959944684
1.426221185149089,0.8900026145820279,-1.9939396222883232
0.7961457490019184,-1.31415358624318,1.402562723551943
1.0706907908086425,0.004371738865732944,0.8048030676465405
-0.6158240682516722,-0.7117132751462028,-0.9063181243698963
-1.2520250653301872,-0.01686702122894257,1.2248418386388478
1.1386769498543545,0.10856989761874702,1.4168520711121881
-0.09879815609789278,-0.24055178222694584,-0.01321855865162469
0.37535926806814945,-0.9339401259243956,1.4785724577338337
-1.8316858287254458,-1.4785953544105728,-1.8909312658513073
1.0695127893963443,0.45350426375561526,-0.14351561652253952
-1.7520577773189867,-1.4643225891517573,-0.7235414156476625
-0.8296911486192804,0.9346423803024937,-1.176238124887655
-0.8708076493437704,0.011682991446890778,-0.33389048187346804
-1.8155711230814369,-1.0183475802179478,0.6151729610061158
-0.3775920668834658,1.1087987721368395,-1.9418849069025765
0.8854355667090297,-0.934107435561065,-0.17746865051319816
0.39913280136538054,1.314979016754596,1.0938492827710284
-0.772476990460679,0.5698517592166064,-1.5543354530839162
-0.5776801468464963,-1.8230371956537463,-0.4444247968791828
1.9726883281573424,-0.567469210478666,-1.0488320157202131
0.06670125704470342,-1.617577481972086,-0.7574799336272324
-0.4267520898622652,-0.3041032932696961,-1.6684357966953658
-0.5052497043449997,-0.48894859280014114,0.21885139461436287
1.3030720538135312,1.6670821645079643,1.727355484057695
-0.983861315506295,0.5939705028723816,-0.8018834549337912
-1.0554774347170794,0.3513800577539863,1.4081235429018224
0.4072716433874466,-1.5894186851165122,1.4476572903296794
1.8817438930552988,-1.519710574014134,-0.21453968122282285
-0.668524010629278,1.7031700934914569,-0.5977299672086485
0.23407844378099885,-1.321217964805974,0.8165265578140994
-1.9042532547857394,-0.25308643429583455,0.5951263069060064
1.5902875718853795,1.7779632130605116,0.39620403398852977
0.3846482893048271,-1.9617322394348586,-0.5359397780983968
0.23387387177362928,-1.9865032904184403,1.7757884085419082
1.4286682219535725,0.33174864310176355,-0.33824079167145715
0.6148695690609443,-1.8520148573835633,-1.8931394557542927
1.4159275426847837,1.919912143766926,0.26975817278519854
0.9736180134388914,0.43565699593092244,-0.10571886891853177
-0.08487966690074833,-0.8095860373539008,1.6698368718356948
-1.1458735878235569,-0.6384584692762485,0.3061439555132557
1.7115356921119238,1.6439477242974574,-0.5578384831292955
-0.8959926849300341,0.6941998581158546,1.6384143762771535
0.35594354903050496,0.19006345670993685,0.16394342531997497
-0.7831787843992042,-1.4551375080190394,-0.5768063047670151
-1.8434846756146128,-1.2784007411410072,0.6655874830901207
-1.3485259352223689,-1.697102060886349,-0.8584750562975727
0.9321703403124943,-0.9751447765673746,-1.2594588078583162
1.9331252958920215,0.8113114527587584,1.7626577198678715
-0.5380106363318986,-0.9627127423571471,-1.59519258862767
-0.15315311107617902,0.5952878257432062,1.984417113025819
0.32718910697000503,0.4553008590817367,-0.243122654762308
-1.2711371962452827,-0.18732645516582247,1.7333750642485248
0.5182415486823984,1.8207745099604629,0.6659246921357593
-0.8281160982367286,-0.3398594608547225,-0.012981893798435173
1.2701562020201158,0.6670250174320449,-0.2723425579714034
-1.917356948923557,-1.786787176979498,-0.5319340547377389
1.5803949606719998,-1.9396771878467924,-1.4554194936909663
1.6900809264435521,1.5828101717336396,-0.7035478306420146
1.739098351310317,-0.7882702587420605,-1.1713424412388234
1.8968381270982424,-0.2259221160738094,-1.51018847013159
-1.5765124474656589,-1.1246091264150313,1.5858593782889145
0.0044221579138108424,1.2826907053294225,1.2814240350437096
-1.9771577935069202,0.942221216654072,-0.18159882019164142
-1.893499898469214,-0.09675388090265269,-1.0956005683891377
-1.8494028048703086,0.6050826611543534,1.0597643777188193
1.766403253990248,-0.26685500849141697,-0.125278974991605
1.5050144350961738,-0.04881733955606693,1.1374434018855961
1.8616341745476457,1.7261972556405523,1.5776722094640805
1.5237487158088037,-0.48129538485151624,-0.8651069290733724
1.032316882351592,-1.6772095836126,0.8915358146717329
-0.05602082226200755,1.3242892265643271,0.18758454319818973
-0.6624741592903942,1.0127959118806258,-0.9818848523323584
-1.3798714851455984,-1.1579137778624586,0.7659081724846462
0.6310549717313223,1.759686672222112,-1.823710615026895
0.39628143658536974,-0.44066528300160357,0.015683060319914954
0.7472879092791929,-1.8186136156360324,0.5036333746700756
-1.5373054443107557,0.977644272770466,-1.762726071231214
1.5881614648336044,1.518479000285693,-1.3080232668990543
0.05794426557748489,-1.806862157633375,-1.6323635767412754
1.7017371822769896,-1.065712729312411,-1.5379141130002214
-0.9161151077467431,1.4477275392277864,-0.7393322785509642
-0.9826740222000563,-0.48533916328098936,-1.562569035510211
-0.003501789884758022,0.5054058825634855,0.11613570497032022
-1.8982964731681928,-0.742712856202481,-1.7060109298398416
1.7604766778011318,0.8353915670862389,-0.5419160367134124
-1.1318228413084435,-0.5338959976670723,-0.941124667239547
0.9119264647419736,0.4456431768001514,-0.05021159584266277
0.6895463414029623,0.6731053359528407,-1.322858130629625
-1.751552407484405,-1.1966669832298344,-0.7873423070519698
0.10562321576749367,1.3390811953179607,1.939145693920807
0.7365596279930298,1.8878532307533469,-1.0233858042303297
-1.877108920549412,0.06376839566323023,1.030930967262809
1.7456411623737824,-0.8928464520653154,1.3402007943886582
1.637913851021744,1.5255611244111256,1.310608475345017
-0.9724853104652933,-0.19754207123342393,-1.0034189865777527
1.172958401663986,-1.6535239151845915,-0.4570354220005677
1.6295917764378731,1.0548293608385735,1.0626432262119159
-1.8608747840607163,-0.2362216702820974,0.9691402311230797
0.678474450176751,1.4228807662668124,-0.56137965774623
0.3192229045606534,-1.4051031104013747,-1.3152136886330839
0.6737646850295174,-1.9110139103379997,-1.1763975480663964
1.9206484161178716,-0.7099140863586335,0.6770878121198205
0.9398642717455443,1.8339340558904014,1.2611795732293105
-1.4294179886074354,1.868449406993868,-0.23907498557957751
0.2170676038769317,1.8222865706356064,0.5759182704995189
0.04274794820893568,-0.9611694566099573,-0.5052425650159038
-0.5212522373037238,0.23361722284205655,-1.814555617175158
0.8575040419422315,-1.5401128290004253,0.4058656961246072
1.8730660060611113,-1.7215874876530552,-0.4838973729936815
0.4338203182246425,1.5134466799455182,-1.3216012584774055
1.5663708659935862,-1.816551618029672,0.8148111084269059
0.3615876065007706,1.3539354516102593,-0.2627414150209608
1.2306148763067548,-0.905242664519565,1.3171578699989848
-0.19989619407503056,1.6749722425584408,-0.6456884746375073
-1.105462735080161,0.8011664266465686,0.6456986236138653
-0.42979908015904256,0.6123750101592553,0.7491576812843008
0.3275051823351349,1.7172241895454428,-1.6300265330758275
0.8407890141796011,0.23427373184956446,-0.8915497258267702
-1.8851219053235857,-0.8151591552828976,-1.1347418366208473
0.8481447457802718,-0.9751019026350263,-0.5707027659419368
0.6705698199335384,1.755270372396991,-1.0055133089831547
-0.34305041767159006,-1.4258651951072356,0.29107928065760413
-1.0252279686660692,1.3449004636590023,1.2909178896011144
-0.4792631904262561,0.8880390010464456,-0.5996594510405462
1.8696999044416351,-1.5396672303807408,1.0547004412150822
0.31011941387645736,-0.521189652872029,1.5308268325109395
1.7267194800731898,1.0656121198576942,0.2850441528109138
-0.6428432821037564,-0.21510061874648745,-0.6653480541394257
-0.10511142618540203,-1.5754705442054169,0.336739866072433
-1.1970738915329768,-1.9343010485788361,-0.7725385451425155
-1.9963408616182141,-1.6424438155107075,-0.3290189334024265
-1.9989213691580758,1.769371499224655,1.4147999655582373
-0.7056748058558306,0.17997999708658163,1.6869354719909802
-1.3507106157030973,-1.8438371735020596,0.60254909263455
-0.9196365047322179,0.7717503535599057,-1.0994759845247923
-1.9800378402867684,1.5737356622385437,-0.34445889808632835
1.522241855223466,0.5713359382302174,-0.28822843540665
-1.4257876032037897,-0.10631624982176646,0.16852056860701348
1.5933742170513807,0.8262630329269731,1.0076441232562527
-0.9423164250053939,-1.0680719887300878,1.757390442405672
0.12314563386297905,0.8685897517777734,-0.8780403651096891
-1.0589395961350379,-1.0619712543097988,-1.200673153460142
-1.5519674119122282,-1.9328441012607294,-1.2486568788314676
-0.2163227450766172,-1.7598975464928999,1.3217296905870146
1.0306205065606018,-0.40365806259098,-0.5000625346369088
-0.6775745451554993,1.473820161255314,-1.6413644383967627
0.14815593857850962,-1.4557396621731833,-0.27260852210015063
0.2536485668616506,0.583908998200795,-1.1884282000862445
-0.06438284267942684,-1.72110089959931,-1.2983858532873818
0.4916776687711488,1.6241858116638288,1.2272298468134402
1.797714422430909,0.4365787787485682,-0.6357616234684045
-0.6524581856889036,0.6097897471442959,1.2454853147190672
-1.9738260348470988,0.7338564543126749,-0.6501905829757675
0.5985243908999918,1.5531226693711218,-1.8746956219201953
-0.7181503014164634,0.9200342140700193,0.8441630642669522
-1.103475003854391,0.8446544379071712,1.36632664278735
-1.3528280957776908,-1.8492690524599529,-0.9378941602001376
-1.2694921917559583,-1.3345825461215028,-0.09287411721890271
-1.7700910136479209,-0.15853502723521506,-1.6774130782606247
-1.4123624548393496,0.09717148717257285,-1.5821482010644394
-1.3280709694271384,0.46091194158210813,0.5237646756382124
1.658292429175058,1.0817743212349682,1.4307320445303202
-1.7849391056001913,1.5568692298273215,0.5560913130050911
-0.19456686689743874,1.8777143571801718,1.3966810311258961
-0.4705995672592187,1.419182566081365,0.8356139864330347
-1.0884121096146417,-0.6456040503099878,0.5642440755593348
1.0793714548646443,-0.579378910213717,0.39783708156643094
-1.3250633084017824,-1.0983114697989373,-0.8614660013751649
1.8720599593786513,-1.6388249471709484,0.20975803371119106
-1.7663405889861536,-1.4841458891798633,0.33038519199458305
-0.7633711225198554,1.1515806336731935,1.0329505451138297
0.5308194959812136,0.27412564471929457,1.4590236352443986
-1.8768883929449718,0.3589983148349494,-0.4671609857993997
-0.46506171486151615,-0.8840623448167864,-0.6985589511233483
0.148674958915072,1.3651802303773635,-1.5443725841918892
0.3955037583666652,-0.8321905797708191,0.40417414320615963
-0.042451287265875326,0.9404193193694335,0.6639954438148226
1.4085369377530874,-1.8085295932311363,-0.9685251103615027
-0.13137906097174623,1.9997080212768927,-1.123150508624323
1.7501757217919032,-0.3569863734867118,-1.6586563467393844
-0.5078803902982449,-1.9401968734450326,-0.5313438409602753
-0.8850156968652985,-1.0745528343104818,1.0211494195839617
-1.0004506003465274,0.29871722650654453,1.05855556802089
-1.8709413329526265,-1.9350820946352698,-0.5980650831015537
-0.637407033426419,-0.795561273026911,1.8554875585049881
0.8106180440122208,1.9968575293449389,0.9956750548154178
1.4841018354298048,0.7946781691644191,1.016556302083981
0.7294043094502878,-0.07011249712567391,-0.8166212815113614
0.03719348339254003,0.9455454537674268,-1.7101987568677277
1.9607168726189772,0.7940611394669781,1.6778204281594054
-1.709814122432629,1.5930087014939476,-1.5659894047963787
-0.9514608204737094,-1.3325123452323213,0.013779585751281687
-1.9235143111204933,0.31861222777973497,0.9506733072316855
-1.4459335339110577,1.2178604763448444,-1.0278359941371704
1.8700853915275566,0.9092487653317303,0.1843754490717049
-1.0905101323469877,-1.978955607023427,1.6966611526251354
1.9260744567823305,0.957511479334884,0.4124173636077453
1.567660316430152,-1.9503329838674097,-1.549844961529573
1.2623435287517908,-0.7976874636030016,-0.09555581381464018
0.7981476767726936,-1.7426948604729113,1.7613319163481154
0.2931427767130357,-1.7916319095269095,0.40992975754998096
-1.751820521223936,-1.9454133795599304,0.18181200333648118
1.2336634186750577,-0.5420043158862327,-1.2168867878646261
-1.312185990249712,-1.7197751484564963,-1.3594823659526454
-1.7285552761858947,-0.4056201992739541,-1.8907414471501736
-1.7361146291605265,1.73169358025954,0.9980454079603986
0.0971276449001004,0.2656355040145191,1.9883369675562594
0.5769245476035891,-1.3481793605684818,1.263464031176246
1.7124877483026495,1.153631186413976,1.6200919629443664
0.9480154916568635,-0.6045382593541215,1.9640200216782158
1.36362993565298,-0.18738795038608647,1.3030241747913744
1.1276714667662668,-1.9528736475595485,-0.6010487753885698
1.442610608982695,1.7770626724547456,-0.013017351187125659
-1.4335849837676617,1.6684512289737898,-0.6757275891832544
0.4477114323989855,-0.8655650133027866,1.395233348160184
0.3078827008638578,-1.5210661788781268,-0.6269326365767731
-0.8788970277884465,0.5179393265062431,0.5868860884468217
-1.5596953288379574,-1.5010373726575503,1.638909749194983
1.971146568681101,0.3946376553035229,-0.4914072172428239
1.1371882323267544,-1.808976431375093,-1.8610083585735668
-1.3171458724058538,0.837350588107129,0.06666874382217003
0.02279890110157501,-0.5978020694652222,0.6221196347161908
0.7532883610580519,1.6863653175984674,-1.9544622266501883
-0.8892055656868272,-0.9627365163176225,-0.20597946460999284
-0.4496451450260457,1.257409681241998,0.3959228797180927
-0.6422711600794431,0.31387797678880425,-0.7762186019929955
-1.3840900715433597,-1.2827850512407135,0.017845937299937997
-0.40992070918415857,1.440117240282404,-0.055040630044516536
1.2899457486009416,1.4098937045067834,1.4531802254689818
0.20205637349542993,0.2518224200567811,1.8035462356888865
-1.595953439207034,0.30106447343877907,-1.9443284012809054
-1.4609895386295353,-1.3364720136367905,1.7746247997908493
-0.5907291106808659,0.22140988745712953,-1.64029387059721
-1.3172172925192158,-0.29645296925402187,-1.8760885549346744
-1.6861577194036679,-0.7382024623127292,1.2280682278403758
1.1372110358008358,-1.9573854590544841,-0.14305969033406152
1.2823331976687755,-1.5551740853948908,-1.1836818631024415
1.8459930866934644,1.3704339319807053,-1.8606635915026337
-0.3413972229425961,0.21235467987393886,0.007787726791673499
1.3940386289402502,-0.16094381628003385,-0.7044588124222617
1.4160024555759336,1.8933061835649845,-0.6715026549958818
1.606268973869859,-1.9431296089930585,-1.5225449277207197
-1.9716402615061548,1.7481650870371976,-0.13706136939427527
0.15620681787007928,0.031824077865082234,1.9444232169785973
-1.4876084762953403,1.8689790295215767,-0.10299846093976983
1.4756944011833872,-1.3273920754990125,-0.9684662112525451
-1.4757152455984568,-0.6698532951135512,-1.3842088406574806
-0.21629707613572613,1.5209868043478956,-1.5114662087003885
0.9567935698410013,-0.2370687881275617,0.48718749584035015
1.2650612368819183,-1.573990822263184,1.1312300945722784
-0.8644072417635096,1.7366403679325688,1.1085502483362566
-1.0622929676349324,-0.008550071760390576,-1.926361746175541
-1.8556451560222587,1.3414522457387568,-1.7180858933728258