-0.19055761292091514,-2.1582290141281706
-0.18175386895036164,-2.149813363553981
-0.17295012497980813,-2.114507372971463
-0.16414638100925463,-1.9487893120867243
-0.15534263703870113,-2.03404650653829
-0.14653889306814746,-1.9762383942555422
-0.1377351490975941,-1.9799862496183043
-0.12893140512704046,-1.9378788077283842
-0.1201276611564871,-1.9224076350882098
-0.11132391718593344,-1.8957133188439812
-0.10252017321537993,-1.8999989644075401
-0.09371642924482643,-2.0189127987205526
-0.08491268527427293,-1.7663083857111288
-0.07610894130371941,-1.915568703796957
-0.06730519733316591,-1.8450888181450544
-0.0585014533626124,-1.6953528716616453
-0.049697709392058746,-1.6677991676406356
-0.040893965421505384,-1.7632801555038173
-0.03209022145095173,-1.68155228623723
-0.023286477480398225,-1.6815236799890332
-0.014482733509844718,-1.64992063635336
-0.00567898953929121,-1.538148272036214
0.0031247544312622967,-1.5854949112671004
0.011928498401815804,-1.6475363023423095
0.02073224237236931,-1.6516247802442947
0.02953598634292282,-1.443236316500602
0.038339730313476324,-1.5087049865292177
0.04714347428402983,-1.3680590043608996
0.05594721825458334,-1.3977528445606695
0.06475096222513699,-1.3797498757819928
0.07355470619569035,-1.3416377800509394
0.082358450166244,-1.3460802762322155
0.0911621941367975,-1.3748062687570985
0.09996593810735102,-1.378718432833926
0.10876968207790452,-1.123747252613895
0.11757342604845804,-1.2416925616813583
0.12637717001901155,-1.1575568933784104
0.13518091398956505,-1.061121386660512
0.14398465796011864,-1.1979032749002603
0.15278840193067214,-1.181138656082827
0.16159214590122564,-1.0435161752793967
0.17039588987177914,-1.0895958019295873
0.17919963384233265,-1.1105440831028541
0.18800337781288617,-0.9831889634367128
0.19680712178343973,-0.8502909094957315
0.20561086575399326,-0.9041007036441894
0.21441460972454676,-0.8678729919442768
0.22321835369510026,-0.9270704115421108
0.23202209766565376,-0.9987130504241766
0.24082584163620727,-0.9594818984179042
0.24962958560676085,-0.8165947179882778
0.25843332957731435,-0.7580068503655253
0.26723707354786785,-0.8006041970006751
0.27604081751842136,-0.7475691553189453
0.28484456148897486,-0.7341850991434329
0.2936483054595284,-0.699813782412205
0.30245204943008197,-0.6113379117830912
0.31125579340063547,-0.7223315498405061
0.320059537371189,-0.6928218079920746
0.3288632813417425,-0.6274938510347434
0.337667025312296,-0.5123825082405263
0.3464707692828495,-0.5262966355363601
0.3552745132534031,-0.5825127148762982
0.3640782572239566,-0.4732155348047454
0.3728820011945101,-0.5577016908860067
0.3816857451650636,-0.45544555872303044
0.3904894891356171,-0.4225790498720043
0.3992932331061707,-0.3478219604524395
0.4080969770767242,-0.3258133171072323
0.4169007210472777,-0.5297911363442572
0.4257044650178312,-0.3579743905772667
0.4345082089883847,-0.22104390024135548
0.4433119529589382,-0.18457097378425777
0.45211569692949183,-0.19771118336536045
0.46091944090004533,-0.12105675564201078
0.4697231848705987,-0.135693775515148
0.4785269288411524,-0.10782328333258025
0.4873306728117059,-0.17574895571983654
0.4961344167822594,-0.1321523872076873
0.504938160752813,-0.1230080633741861
0.5137419047233664,-0.13749963388484987
0.52254564869392,-0.06161980515976934
0.5313493926644735,0.04861856150076029
0.540153136635027,0.002799797296576259
0.5489568806055805,-0.047274003613707774
0.557760624576134,0.05738719581507133
0.5665643685466875,0.12172359624340845
0.575368112517241,0.19752202548936132
0.5841718564877947,0.18751064508767518
0.5929756004583482,0.15065951004126868
0.6017793444289017,0.25538078273000564
0.6105830883994552,0.2947010906105578
0.6193868323700087,0.1982703724337382
0.6281905763405622,0.3195460439275298
0.6369943203111157,0.38675658854859374
0.6457980642816692,0.3111617016114209
0.6546018082522227,0.4378375909977863
0.6634055522227762,0.38153739436122985
0.6722092961933297,0.42703382217847186
0.6810130401638833,0.3937854915276903
0.6898167841344368,0.46411186355718315
0.6986205281049903,0.4016988661859981
0.7074242720755439,0.40362499622013903
0.7162280160460974,0.5371945905789269
0.7250317600166509,0.6437134926591461
0.7338355039872044,0.5450689820368876
0.7426392479577579,0.667141845917745
0.7514429919283114,0.6666869822446557
0.7602467358988649,0.7322575697733534
0.7690504798694184,0.7318329848242032
0.7778542238399719,0.7639277202306046
0.7866579678105255,0.7619905661147043
0.795461711781079,0.782665938275252
0.8042654557516326,0.7283964297719463
0.813069199722186,0.8189951988780904
0.8218729436927396,0.8989260246547149
0.8306766876632932,0.7949905783248525
0.8394804316338467,1.0506478364819654
0.8482841756044002,0.9431512598001619
0.8570879195749537,0.9530219613086753
0.8658916635455072,0.9317475620363181
0.8746954075160607,0.9237464972265282
0.8834991514866142,1.0033549863382643
0.8923028954571678,1.1529687129269555
0.9011066394277213,1.1909027398001408
0.9099103833982748,1.1040462426209336
0.9187141273688283,1.125336348127266
0.9275178713393818,1.348306754691604
0.9363216153099353,1.3262658606925337
0.9451253592804888,1.1478144657277247
0.9539291032510424,1.3701168481416055
0.9627328472215959,1.3137631484543262
0.9715365911921494,1.3421327427187109
0.9803403351627029,1.2973413196327634
0.9891440791332565,1.2986646241511828
0.99794782310381,1.4821379616754313
1.0067515670743636,1.4469610576340735
1.0155553110449171,1.5898667971674059
1.0243590550154706,1.4869557589776343
1.0331627989860241,1.5545612325544818
1.0419665429565776,1.5859389536921584
1.0507702869271311,1.4949033581094513
1.0595740308976846,1.613734807275192
1.0683777748682382,1.5258411537413592
1.0771815188387917,1.6794831475040948
1.0859852628093452,1.745291809345935
1.0947890067798987,1.7347774180288698
1.1035927507504524,1.8336364453534553
1.1123964947210059,1.7840371024916057
1.1212002386915594,1.6466104215027737
-0.5184970758240337,1.8151669174319012
-0.5096933318534802,1.792630490296486
-0.5008895878829267,1.808979069184605
-0.49208584391237326,1.6287586203732198
-0.48328209994181975,1.776484860971095
-0.4744783559712661,1.8784382060837819
-0.4656746120007127,1.7320288443132845
-0.4568708680301591,1.7176467456681825
-0.4480671240596057,1.7539738788723285
-0.439263380089052,1.8198347436507514
-0.4304596361184985,1.726432992707199
-0.421655892147945,1.6856860613265434
-0.4128521481773915,1.7727346000212125
-0.404048404206838,1.6837713608685017
-0.3952446602362845,1.8022459683546512
-0.386440916265731,1.688143031646316
-0.37763717229517735,1.7104521140959699
-0.368833428324624,1.708260458121393
-0.36002968435407035,1.7619213956300133
-0.35122594038351684,1.6941687971787145
-0.34242219641296334,1.6539464547167702
-0.33361845244240984,1.718605230200985
-0.3248147084718563,1.6490362172369126
-0.3160109645013028,1.6030053877037997
-0.3072072205307493,1.7533582535747982
-0.2984034765601958,1.7637456212360414
-0.2895997325896423,1.7084880459282974
-0.2807959886190888,1.7085744897172945
-0.2719922446485353,1.569126067452376
-0.2631885006779816,1.6129006955104348
-0.2543847567074283,1.6346882797980846
-0.2455810127368746,1.6802918215214595
-0.2367772687663211,1.5089323396258285
-0.2279735247957676,1.5786872857681313
-0.21916978082521407,1.6504585711464403
-0.21036603685466057,1.6652188228855604
-0.20156229288410707,1.5575260868399907
-0.19275854891355357,1.7224198183095945
-0.1839548049429999,1.639220635470346
-0.17515106097244654,1.6214813898482106
-0.1663473170018929,1.5735838097855206
-0.15754357303133953,1.6477157373054305
-0.1487398290607859,1.5074572255848537
-0.13993608509023253,1.5878953277195367
-0.13113234111967886,1.638357869742938
-0.12232859714912536,1.48572193002615
-0.11352485317857185,1.5306262678752987
-0.10472110920801835,1.5511219476191853
-0.09591736523746484,1.5984886045977396
-0.08711362126691133,1.5743036286548413
-0.07830987729635783,1.5282139466208686
-0.06950613332580417,1.5572157934716502
-0.06070238935525081,1.5637492403128543
-0.051898645384697156,1.5104371319337662
-0.043094901414143794,1.5156972594345137
-0.034291157443590146,1.4515358810318362
-0.025487413473036638,1.5331940985397186
-0.01668366950248313,1.6184691403128444
-0.007879925531929623,1.4965410587717827
0.0009238184386238834,1.5527117135004669
0.00972756240917739,1.549138004198583
0.018531306379730897,1.4516010349066808
0.02733505035028455,1.399902251427888
0.036138794320837914,1.4837942180169832
0.04494253829139156,1.5172614576178127
0.053746282261944923,1.5111105044979758
0.06255002623249858,1.455779151330241
0.07135377020305209,1.5070236745111354
0.08015751417360559,1.5007126897241938
0.0889612581441591,1.4720665432711562
0.0977650021147126,1.5400204600586214
0.1065687460852661,1.478980743801217
0.11537249005581962,1.5376022355880674
0.12417623402637328,1.4824482335819964
0.13297997799692662,1.532072301675127
0.14178372196748015,1.3449896787383757
0.1505874659380338,1.4250532641538158
0.1593912099085873,1.4851644422082697
0.1681949538791408,1.3814856720380835
0.17699869784969433,1.5787322033212865
0.18580244182024783,1.3003079488223175
0.19460618579080133,1.554696241529426
0.20340992976135483,1.5535592002226242
0.21221367373190833,1.4251194432111605
0.22101741770246186,1.4421796101041164
0.22982116167301536,1.4442891849659234
0.23862490564356886,1.3950833378648702
0.24742864961412236,1.5333845464586908
0.25623239358467603,1.345166417610888
0.26503613755522953,1.4538903494715683
0.27383988152578304,1.4624032852288233
0.28264362549633654,1.3270481308989275
0.29144736946689004,1.3228643392757935
0.30025111343744354,1.419809157516193
0.30905485740799704,1.4312504819389695
0.3178586013785506,1.4420027046573902
0.3266623453491041,1.3052348094673443
0.3354660893196576,1.4551693099412222
0.3442698332902111,1.450236653106983
0.35307357726076477,1.5136173251317921
0.36187732123131827,1.4301452610836378
0.3706810652018718,1.3026419330019365
0.3794848091724253,1.323545412424122
0.3882885531429788,1.3284407101301006
0.3970922971135323,1.3509612758508358
0.4058960410840858,1.3574121589397687
0.4146997850546393,1.2505758402711467
0.4235035290251928,1.278118101107863
0.4323072729957463,1.2999205442328785
0.44111101696629984,1.3019257431614675
0.44991476093685334,1.2409691585329243
0.45871850490740695,1.1778537182727051
0.46752224887796046,1.1744336799054078
0.476325992848514,1.2729685599244536
0.4851297368190675,1.2037583623431218
0.493933480789621,1.2358215763638234
0.5027372247601745,1.235943892977084
0.511540968730728,1.2247549204976194
0.5203447127012816,1.1922294981363677
0.5291484566718351,1.1618987530835632
0.5379522006423886,1.2905666196276044
0.5467559446129421,1.2097624916106857
0.5555596885834956,1.2911689113904703
0.5643634325540492,1.2714988833542467
0.5731671765246027,1.3105696945085425
0.5819709204951562,1.342075898278451
0.5907746644657097,1.1223298940340438
0.5995784084362632,1.1295412075744364
0.6083821524068167,1.190877209098826
0.6171858963773702,1.2133502068837558
0.6259896403479237,1.1822197627695807
0.6347933843184772,1.2583544912466074
0.6435971282890308,1.2470961441820172
0.6524008722595843,1.0612398820475848
0.6612046162301379,1.116061769025207
0.6700083602006914,1.0992275661706672
0.6788121041712449,1.1482886872786622
0.6876158481417984,1.188244016306196
0.6964195921123519,1.2533859193578565
0.7052233360829054,1.1585686478553054
0.7140270800534589,1.2179366212941671
0.7228308240240124,1.1821386603626534
0.7316345679945659,1.200767782744904
0.7404383119651194,1.1668323268501488
0.749242055935673,1.2549001218524558
0.7580457999062264,1.0663255909032274
0.7668495438767802,1.1715763299182156
0.7756532878473337,0.9519543268720281
0.7844570318178872,1.0898917138711812
0.7932607757884407,1.1322709369694612
-1.5023154645333896,-0.18121619313333334
-1.4935117205628359,-0.15429502653218938
-1.4847079765922826,-0.10855965452180648
-1.475904232621729,-0.12799412254293582
-1.4671004886511756,-0.302845584567567
-1.4582967446806219,-0.23234246742712186
-1.4494930007100686,-0.13831072137515107
-1.4406892567395149,-0.12459061765289703
-1.4318855127689616,-0.09422562487686548
-1.4230817687984079,-0.07377607844742387
-1.4142780248278541,-0.11124532057649582
-1.4054742808573009,-0.013653374309166615
-1.3966705368867476,-0.11318939017689358
-1.3878667929161939,-0.049229485754402134
-1.3790630489456401,0.02072659833057679
-1.3702593049750869,-0.039068007965931434
-1.3614555610045331,-0.10449307138373144
-1.3526518170339799,-0.07570773802373396
-1.3438480730634261,-0.09059961392287239
-1.3350443290928724,-0.06830163539759421
-1.3262405851223191,0.08039857829100056
-1.3174368411517658,0.007239082143280603
-1.3086330971812121,0.0436168546482209
-1.2998293532106584,0.07892887026870397
-1.2910256092401051,0.12026901665383777
-1.2822218652695518,0.06325864371235604
-1.2734181212989981,0.12616608910711233
-1.2646143773284444,0.08280386428468342
-1.2558106333578911,0.23913817773434065
-1.2470068893873374,0.19569786742444897
-1.2382031454167841,0.24160744076477564
-1.2293994014462304,0.20125017101920206
-1.2205956574756767,0.21256378013219335
-1.2117919135051234,0.24817962966434168
-1.20298816953457,0.2884636635629675
-1.1941844255640164,0.30719588136253284
-1.1853806815934627,0.2805549944688879
-1.1765769376229094,0.24729200225297931
-1.1677731936523557,0.36155812866877757
-1.1589694496818024,0.25675535869657456
-1.1501657057112487,0.1935505322895313
-1.1413619617406954,0.3643938129529245
-1.1325582177701417,0.41345016257235895
-1.1237544737995884,0.41798127612367736
-1.1149507298290346,0.326561446559497
-1.106146985858481,0.5630183719608441
-1.0973432418879276,0.39235518410467957
-1.0885394979173744,0.42802164540039545
-1.0797357539468206,0.5028889717345347
-1.070932009976267,0.4975290890836365
-1.0621282660057136,0.4389027599961579
-1.05332452203516,0.5138981346000027
-1.0445207780646066,0.5013258602647181
-1.035717034094053,0.5210386013095549
-1.0269132901234996,0.4783251613868
-1.018109546152946,0.5951376683512863
-1.0093058021823926,0.5408925610411346
-1.000502058211839,0.4791385945530494
-0.9916983142412853,0.6026129730994926
-0.9828945702707319,0.5588713918747135
-0.9740908263001786,0.620244053482874
-0.9652870823296249,0.6548000107300807
-0.9564833383590713,0.5473769829348623
-0.9476795943885179,0.6418647493970658
-0.9388758504179643,0.607465303865173
-0.9300721064474109,0.6723562670311072
-0.9212683624768573,0.7085390668204518
-0.9124646185063036,0.8349786334243677
-0.9036608745357503,0.7871331860208295
-0.8948571305651969,0.6771543605387266
-0.8860533865946432,0.8267640165352469
-0.8772496426240896,0.7736337331823756
-0.8684458986535362,0.8323854119103931
-0.8596421546829826,0.8392447668868263
-0.8508384107124292,0.7339447166198683
-0.8420346667418755,0.7712432900685228
-0.8332309227713219,0.7458902186554546
-0.8244271788007685,0.9302845925380578
-0.8156234348302152,0.8118223748494867
-0.8068196908596615,0.893406884660526
-0.7980159468891078,0.855269610354202
-0.7892122029185545,0.8785239023172988
-0.7804084589480011,0.7803031623085938
-0.7716047149774474,0.9099330017424828
-0.7628009710068938,0.882232226031553
-0.7539972270363404,0.8884535551700545
-0.7451934830657871,0.9660955076079184
-0.7363897390952334,0.9372482701487949
-0.7275859951246798,0.9284972727773763
-0.7187822511541262,1.0329846219633365
-0.7099785071835728,0.9861644426086419
-0.7011747632130194,0.9644798446369218
-0.6923710192424658,1.0405668227664766
-0.6835672752719121,1.0750658233868555
-0.6747635313013588,0.9966896996465126
-0.6659597873308054,1.1399302005763092
-0.6571560433602518,1.1826868570417284
-0.6483522993896981,1.0636703828239509
-0.6395485554191447,1.0812971112415632
-0.6307448114485911,1.0974150338229969
-0.6219410674780377,1.1664911142597971
-0.6131373235074841,1.2017529699972438
-0.6043335795369305,1.1678544010638272
-0.5955298355663771,1.1815901886372309
-0.5867260915958237,1.139216280284555
-0.5779223476252701,1.1019436251306642
-0.5691186036547163,1.2993041011172801
-0.5603148596841631,1.3715210563100695
-0.5515111157136097,1.1799360292027548
-0.542707371743056,1.2339641100256513
-0.5339036277725023,1.1804368357371469
-0.5250998838019487,1.2030171994163639
-0.5162961398313953,1.2687240794470527
-0.5074923958608418,1.260922054542396
-0.4986886518902883,1.4637273890720688
-0.4898849079197348,1.3471424049721934
-0.4810811639491813,1.4196520131208121
-0.4722774199786278,1.3833359826071931
-0.4634736760080743,1.4481124847854374
-0.4546699320375208,1.4346018897679764
-0.44586618806696726,1.4888943961530146
-0.43706244409641376,1.4049395991316527
-0.42825870012586026,1.325802495502395
-0.41945495615530665,1.4335234890162474
-0.4106512121847531,1.504322672719894
-0.4018474682141996,1.513359577606913
-0.3930437242436461,1.4386681881435188
-0.3842399802730926,1.4515704540415284
-0.3754362363025391,1.497393276307623
-0.3666324923319856,1.495184408393771
-0.3578287483614321,1.622874304019294
-0.3490250043908786,1.5514896490166212
-0.3402212604203251,1.6454289876416857
-0.3314175164497716,1.558350800750153
-0.3226137724792179,1.6866884382671308
-0.3138100285086644,1.4749799154051224
-0.3050062845381109,1.5663529958978952
-0.2962025405675574,1.5874007543210096
-0.28739879659700385,1.6251601630320507
-0.27859505262645035,1.619906593254889
-0.26979130865589684,1.7002636288676771
-0.26098756468534334,1.6594307703477884
-0.25218382071478984,1.574895403536346
-0.24338007674423634,1.7579208383660498
-0.23457633277368284,1.7669676769145544
-0.2257725888031293,1.6803811812468146
-0.21696884483257567,1.7116181675845428
-0.20816510086202217,1.7036696618225486
-0.19936135689146867,1.832473048658284
-0.19055761292091514,1.9169565789576803
-0.8464365387271524,-0.19338577432702894
-0.8376327947565987,-0.21239802133087737
-0.8288290507860453,-0.26548348136365135
-0.820025306815492,-0.2528169286625112
-0.8112215628449383,-0.3233790100781031
-0.8024178188743847,-0.2597981715382535
-0.7936140749038313,-0.24129986684446217
-0.7848103309332777,-0.304133286181287
-0.7760065869627243,-0.24540589061595652
-0.7672028429921707,-0.27483168104424294
-0.758399099021617,-0.2072296426681529
-0.7495953550510637,-0.4785475699365858
-0.7407916110805103,-0.28406105335644777
-0.7319878671099567,-0.5006446205966665
-0.723184123139403,-0.36649073992829906
-0.7143803791688497,-0.43446110038182784
-0.7055766351982959,-0.33338830529950625
-0.6967728912277426,-0.2877346921845869
-0.6879691472571889,-0.4440712434240289
-0.6791654032866353,-0.37293284914617186
-0.6703616593160819,-0.33330082401245636
-0.6615579153455285,-0.37549189165410923
-0.6527541713749749,-0.3807819286578785
-0.6439504274044212,-0.43008092558831307
-0.6351466834338679,-0.5823264055222128
-0.6263429394633145,-0.4725572345535019
-0.6175391954927609,-0.3128189863097831
-0.6087354515222072,-0.5064064351549082
-0.5999317075516539,-0.4529987467876461
-0.5911279635811002,-0.5211843626260184
-0.5823242196105468,-0.5727771343418107
-0.5735204756399932,-0.551084636341376
-0.5647167316694396,-0.5414056690652225
-0.5559129876988862,-0.5404281452955628
-0.5471092437283328,-0.42442441259197505
-0.5383054997577792,-0.5658984169336152
-0.5295017557872256,-0.6604087026871636
-0.5206980118166722,-0.5229524232613069
-0.5118942678461185,-0.613035091797927
-0.5030905238755652,-0.5955259450259858
-0.4942867799050115,-0.5153524157898447
-0.48548303593445813,-0.767324964790218
-0.47667929196390446,-0.6286774507032603
-0.4678755479933511,-0.5903823047921083
-0.45907180402279746,-0.6383161056914274
-0.45026806005224396,-0.49288324529231087
-0.44146431608169046,-0.6300818587756861
-0.43266057211113695,-0.6579962861038705
-0.42385682814058345,-0.7555549659102493
-0.41505308417002995,-0.7130339236448694
-0.40624934019947645,-0.6809869928215012
-0.3974455962289228,-0.6543342243487873
-0.3886418522583694,-0.6123101676783959
-0.3798381082878158,-0.7389336720586919
-0.3710343643172624,-0.6581708827405488
-0.3622306203467088,-0.7132717711454616
-0.3534268763761552,-0.7086792690611924
-0.3446231324056017,-0.7802392334023125
-0.3358193884350482,-0.6562210786639847
-0.3270156444644947,-0.7547184480129189
-0.3182119004939412,-0.7649962602830574
-0.3094081565233877,-0.7818348594928336
-0.30060441255283404,-0.6581477579959878
-0.2918006685822807,-0.7751966991228176
-0.28299692461172704,-0.7526913695062171
-0.2741931806411737,-0.822249163138957
-0.26538943667062004,-0.7974557018152484
-0.25658569270006654,-0.7239047048163633
-0.247781948729513,-0.8144568254827418
-0.2389782047589595,-0.885630919382993
-0.230174460788406,-0.8359523481713954
-0.2213707168178525,-0.7384689211859796
-0.212566972847299,-0.8676559441279083
-0.20376322887674533,-0.7654678864214182
-0.19495948490619197,-0.8879485698699241
-0.18615574093563847,-0.8190813389749705
-0.1773519969650848,-0.7003731765495487
-0.1685482529945313,-0.8187674491012787
-0.1597445090239778,-0.9533129729400036
-0.1509407650534243,-0.9121203909831326
-0.1421370210828708,-0.7259633918921226
-0.13333327711231727,-0.8985812078173193
-0.12452953314176378,-0.8228413878118032
-0.11572578917121026,-0.9567685161094994
-0.10692204520065676,-0.9662138502497958
-0.09811830123010325,-0.9144252023641104
-0.08931455725954975,-0.8684819897025604
-0.08051081328899624,-1.0013616078047325
-0.07170706931844259,-0.8785904367617904
-0.06290332534788907,-1.029321000230321
-0.05409958137733557,-0.9087765128387687
-0.045295837406782065,-0.9249785118205932
-0.036492093436228557,-0.9471219053165528
-0.02768834946567505,-1.000305929085672
-0.018884605495121543,-0.9174499507020111
-0.010080861524568037,-1.0278528359695893
-0.0012771175540145297,-1.0232898928230356
0.007526626416538978,-1.1121239766420303
0.016330370387092483,-1.0960651912109112
0.025134114357646137,-0.9677296465925442
0.03393785832819964,-1.0898315987259557
0.04274160229875315,-1.0137834420361063
0.05154534626930666,-1.0319002703369913
0.06034909023986017,-1.0881983250251326
0.06915283421041367,-1.1909761799913878
0.07795657818096718,-1.0486609302385965
0.08676032215152069,-1.0093404982149616
0.09556406612207419,-1.20373835654151
0.1043678100926277,-1.1000302572043588
0.1131715540631812,-1.1673316880492133
0.12197529803373472,-1.1408791516429535
0.13077904200428836,-1.0885362294237024
0.13958278597484186,-1.1698986898508117
0.1483865299453954,-1.2198933248878907
0.1571902739159489,-1.1616299410268918
0.1659940178865024,-1.2255003798730417
0.1747977618570559,-1.125343874097623
0.1836015058276094,-1.2371135070909343
0.19240524979816293,-1.1353344598065531
0.20120899376871643,-1.2297332380343042
0.21001273773926993,-1.2131717124112806
0.21881648170982343,-1.340226368469345
0.22762022568037693,-1.2336016347878695
0.2364239696509306,-1.1951238833938793
0.2452277136214841,-1.2048038279518012
0.2540314575920376,-1.3425999154601436
0.2628352015625911,-1.2957879441367663
0.2716389455331446,-1.2327666419099603
0.2804426895036981,-1.2018406205389187
0.28924643347425166,-1.3289044743075336
0.29805017744480516,-1.2398155943423994
0.30685392141535867,-1.2981015612038849
0.31565766538591217,-1.2337884800038037
0.32446140935646567,-1.3905866035200625
0.33326515332701934,-1.259373515738775
0.34206889729757284,-1.265719800267199
0.35087264126812634,-1.256675416618589
0.35967638523867984,-1.2959177352746192
0.36848012920923334,-1.273479638766735
0.37728387317978684,-1.370767188040059
0.38608761715034035,-1.4433860475188662
0.39489136112089385,-1.475088943504774
0.40369510509144735,-1.4194290080041416
0.4124988490620009,-1.38568192960038
0.4213025930325544,-1.283476408767079
0.4301063370031079,-1.420921241868937
0.4389100809736615,-1.4524113992359726
0.4477138249442151,-1.463356686366813
0.4565175689147686,-1.327118602857505
0.4653213128853221,-1.4036808815706858
-0.2472733560487122,-0.6954550729905948
0.7145067840057667,-1.4919373128908615
1.0986268370141332,-0.0878187570524658
0.7452657384737963,0.4606906027642952
0.9296759128495898,-1.2310805497849395
0.8083541117998188,1.294841401447066
-1.0734410302633042,-0.144978880761135
0.36363001862671435,0.6092810786920566
0.32893909158400325,0.2497996607781921
-0.6226722865992591,0.8641758214945404
-0.31402844498372057,0.311053047645372
0.907348735183982,-0.043162738930160024
0.9952115632982724,-1.627740298071418
0.18476433168706222,-1.9404953762108135
-1.557558088556241,1.04835424294128
1.0284997777311402,1.408106581437594
1.214069057249983,0.44044546018253644
0.17926679007109808,-0.866830803417877
-1.377243825273041,-0.23191418660934945
0.958952698368843,1.475326132799162
-0.6931702461978023,0.15427740854319752
-0.7200110956879304,0.733496774823396
0.5998519331495437,0.9289288472788855
-0.896775945912803,-0.38914580358536377
-0.008085867009159052,0.5262733995251273
0.9514795929959385,1.9268419374911627
1.128574934747791,1.6191303057309168
-0.11616448446501547,-2.0752979362324706
0.7097408554345929,-1.2886120416020643
1.0062480456879608,0.8759766131668395
-0.9372466535969074,-1.1648168043395644
0.7071711306767772,-0.9018224113638769
-1.3572405894771717,-1.4923319363451082
-1.018772429952407,-0.10315494879204085
-1.270484232277304,-0.23208708108843157
-0.8812040375298351,-1.05235293213658
-0.98899375953945,1.457084223692612
0.006008655602713978,1.2848503608524429
-1.5003908620397954,-0.8976760035604078
0.052834558721195114,-0.9884991209585605
-0.65074450151219,-0.5541419100385657
1.1693889388808467,-0.4707438957498539
-0.8556236521799567,1.7172939294487517
-1.3009878579675052,-1.9332675270026574
-0.9741279180027267,0.9593343632352433
1.268737576136836,-0.7939482145817682
0.5257314724375286,1.3951598872734712
-1.1593423020215972,1.8561708595022046
-0.4042040139375466,-1.964144990132841
0.2856730095740768,-2.1111211609720684
0.31334638727064995,0.9446058315272585
-1.2501045777302473,1.4180298127738822
0.4330542326731114,0.8126060484229243
-0.1779153346195631,-0.3146420714589541
-0.5370352769387373,-0.0013013073465365824
-1.1988690954025871,1.8218657316629097
1.1702329379613197,-1.039206134853485
1.1433098134136737,1.223687928866096
-0.43014263312027984,-0.6027534169136237
1.1703680420797442,-1.744693940128495
-0.6821730994388727,1.8906573538301326
-1.6301455711341841,-1.1541556534285984
-0.04494371015329513,-0.4527773384061473
0.3582463828537712,1.5108333705410344
-0.8468885231582658,-1.9927074813231624
-1.1697115748255837,0.2008494227633742
-1.2478966280773165,-1.9794203751239685
-0.22982816044054702,0.3461800050841943
-1.5702471926296013,-1.7376246357671432
-0.21140560582545986,-1.717473770418181
-0.8714722635093404,-1.209216876551062
-1.567379736610438,0.6558998732549082
-0.8381741668078353,-1.760518791195668
-1.0607107015920956,0.696112197365238
0.032132138161804616,1.4526295010830699
-0.41748621940274866,2.0882586539211108
-0.7068910376925175,0.3094547604291623
-0.7071644513661197,-1.9945168138168001
0.3927384042449636,0.6749197408439479
1.0258686398854486,-0.48397399344689845
1.0507917669469184,0.1775037240543188
-1.0669759401571475,0.6028033577064517
-1.2294819827065322,1.2371152680318356
0.07397810087546743,-0.41406738518033287
-0.14340721920901728,0.6999053221857189
-0.38170184015610775,-1.6597277375806028
-0.12617951306364164,-1.434074756625763
-1.5784879103105682,-1.5128654614889712
1.0229939625173639,-0.7328254348833683
1.1832245491933897,-0.3503086357683044
-0.2755745898855475,1.2076196307875782
-1.1547363742959882,0.6788008386966862
-1.1256353325241406,-0.18462559495363903
1.0117432850384955,-0.007697413440933782
-0.49780263105652656,-0.2145045938065153
0.8558058323184623,1.399243530502812
0.8181758906654413,1.7391799476478351
-1.3430129235660957,-0.8368112376374255
-1.5878345445935527,0.21917490781225588
-1.2075772335814716,0.6087060594393886
-0.4191135199464585,0.01426003992143715
-0.8005461456770541,-1.2803937022565273
1.0823948763712188,0.5310430349323999
-1.479228546984313,1.99384141554675
0.7630051803490377,-0.5404320522080467
0.6875347524422754,1.6147299259800099
-0.03132509896704988,-1.868220339449547
-0.962355898226883,0.5754490497037382
-0.7178774770978454,1.8205488209512841
-1.1981826250678262,1.1699170649165291
-0.10120531596799816,-1.616645581652014
0.8195997368351885,0.9224732730627039
-0.7149725330923026,-1.0621261401763307
0.9797453956855342,1.7206481792055837
-0.25167015039838264,1.7940602287347873
-1.2118925459072944,1.6998762181620524
-1.0944397781325013,1.6967231856602978
-0.12312799686044351,-0.6405333027864594
-1.0500520187159246,0.3781769044560343
0.24625133630145918,0.677126557262984
1.019640443105379,0.42748969733456815
0.4800537425711252,-1.3553250412971893
-0.038693872870128404,-1.7299497427226336
-0.4004894537923409,-1.80199897844806
0.8984070833437824,1.2803156977636354
-0.09516654497571114,-0.07543420162045772
0.842875908259437,-0.4795984470943675
-0.9354318105662929,-1.2981340818351186
0.14314513541479076,-1.0970570151537375
-0.039020678209705825,-1.8416471508385988
-0.06608416536835321,-0.9689440095990438
-1.2700531774859556,-1.4466533128410621
-0.17178941910760168,1.4610267000903188
1.2805957473924763,-0.4585538651727732
1.2828502005621367,-1.8675400432477987
-0.40012434403336505,0.8592058281419066
-1.4198218214944158,-1.7614951059682111
-0.12416291178544231,-2.1453166876844474
-0.41526984334262773,0.4764553956854137
-0.5130463729426552,-0.30212168253388616
0.5021388862367497,-1.9236031175953368
-1.4248494451776959,1.15822012707642
1.1744679777975766,1.8443040552787529
-0.0500542715034858,-0.7792263683975036
-0.4213271172599051,0.16173786664592935
-1.3945853032580338,-1.787537576688865
0.33686874466038147,-2.149626487861242
-1.4640015731446396,-0.6100509487617921
0.9260715226678015,-0.3045122553734097
-1.373989168978337,0.7323934272881473
0.6866427376983544,-0.8712623478234165
-1.1009493951927256,1.2217550072175345
-0.17683211770368257,-0.23782066968796772
0.7300681715618257,1.1138557328931324
0.07287157926178733,1.0959732435403988
0.7962574687973628,-1.1388298808885444
-0.1637471011480684,1.3857706082090782
0.718809496953103,1.5405520111166506
-0.6118522038766118,1.3708026524807204
0.7594042374758864,0.727201801343398
0.353277022233963,-1.5122178253317589
-0.7337362930720202,1.413383565148455
0.8816576242308919,1.1142387691588602
-1.4936675224302933,-1.422925980329868
-0.7017369479020269,0.4454414279965079
0.26408586127075945,0.2193741263800837
0.8885548133816835,0.1024084989123609
-0.839463702089568,1.376436427353327
0.27142520086740457,0.1460464369422284
-0.6464896422766925,-0.032263679731971515
1.2677750054831662,-0.3129137248449668
-1.1780574689043846,0.5500513491938241
-0.39211097194182254,-1.9678558711587255
-1.488431168920161,-1.4872420939849138
-0.9467392732597615,1.5526293254004293
0.37567122985849777,0.5110272499857293
-0.7107209629386796,-0.1806388427701917
0.20520953056677216,-0.49734879325474923
-1.4736466666469203,1.8434076795579304
0.6981095290400701,1.7707465667290585
0.9416692972079471,-2.075014671659332
1.008744580076795,0.8213568271809817
0.5709430316318325,1.6305079047210402
-0.7127047719026858,-0.3433381142434978
-0.4361350911406293,-0.5856116200256603
1.1609280656827001,1.727736779262684
0.9526554795684973,-1.139352406317375
1.1082554960806414,0.018332979934645017
-0.05848048924691192,-2.149230471876356
0.2323016283158425,-1.6593606155381764
1.1169965898022505,1.6225103372343463
-1.448203509111056,2.066070331748747
-1.3257290458019713,1.3011904125002707
-0.8234127057091332,0.13834898782623803
1.0169585428362682,0.5666738425864176
0.3370915804291057,-0.7659272924373848
-0.21030332688279924,1.551529857046994
-0.7165935605054864,0.39706585409290884
0.662465422907535,-0.9915743587651155
-0.5051712204089285,0.6925926081501914
-0.3202031794830597,-0.024909882841772278
0.345404613614872,-1.553459891895426
-0.4076870204319269,-1.3823852376167005
0.030401340448665132,0.9897767580968042
0.060358569747721094,-0.3862663126406601
-0.589204862005129,0.28688389274316767
0.8475551447563335,0.33099091782139817
-1.6465167046138387,1.4900251791486772
-1.5069579967088598,0.23588535238602404
-0.2118978284130238,0.4842509170410254
-1.0271784931738877,1.634128372321613
-0.5083850005356697,-0.05453417125207102
-0.9247430605284601,1.9253303876165944
-1.6419249792415156,-1.596262606459679
1.0618549305503118,-1.941702488398593
-0.7214319161948091,-0.8438333883500605
0.4077730584177551,-0.18582318144599522
0.2966862162455692,0.9872170492742587
0.6129933296723394,-0.5921161015061018
-0.7443797510741061,-2.085528060270009
-1.240905667829267,0.40868176742089685
-1.1426540200196404,1.3632410166835078
0.9854257324819532,-1.0279026950501549
-1.4787995761030586,-1.9354747284424907
0.7869976769175809,-1.4939672465134126
-1.5196220112167629,-0.04414250501186906
-0.9144205742813583,0.30529729565519664
-0.9497017633988059,2.001045514494023
-0.32856825818874724,-0.4289488100533694
0.09381036404666646,-0.3791952227001487
0.559705649217678,-1.034154911919661
-0.06203427915572612,-0.41000501425968394
-1.4711317134780366,0.21589608254385798
0.65940351971141,-0.12308571588269838
0.7675712264505924,-1.916342454534417
-0.5043456864127349,-1.8050948186065123
0.20537932881401538,0.09341613232936137
-1.4464426056865376,0.9208116638246355
-0.07373755266767283,-2.1083687413439547
-0.11953150419694,-0.8093353318047704
-1.3077876773829253,-1.9811493914343612
0.5590954266904568,1.9701910443823796
0.8176745595909968,-1.2413419210252217
0.053980259960812405,-0.12738049407443539
1.1383940117675864,1.3669339740446675
0.7258991840150044,-0.9803272086587703
-0.7447470957112583,-0.5729269604542089
1.092292414021719,0.011601948378884213
-1.1169606099702085,1.6794830415019097
0.5404231455363274,-1.5405168800118827
0.6484350108589725,-0.07985831972900134
1.0477041802709446,1.5748968306053386
-1.1019871788909552,-1.7170461356102684
-0.17077860963230224,0.47820520944332107
1.251902671064008,1.0618069204200353
-1.3931167935775888,-0.9542032508276731
0.8780097848078966,-0.01928197206783539
-0.15338513124751849,1.7101973208433308
-0.10979843454509984,-1.4711014604051058
-1.133245826328708,1.9657224271449893
0.9088633947627272,1.179298806765116
1.1157527490893568,-0.0975582297255554
-0.7323219578590868,0.6258669117460404
0.2345651649108845,-0.3291547628887106
-0.5216668750329548,-1.5592151212650738
-0.7908974529432741,0.6008703807649393
-1.2059249433652723,-1.552556846560595
0.47995286357349415,0.5236951721378306
0.7375656203581795,-0.1767741252006618
0.9353611673609946,2.102740682611822
0.00554628287703432,1.9572422529974727
-1.580438247137111,0.8765963963066434
-1.4871842976139207,-1.3772463563297175
0.9544453259859899,1.7978180121860474
0.746917812964667,-1.9013142294631176
0.8398198623698596,-0.372216772840637
0.14537356580466848,-1.996874285725713
-1.2727242575166149,-0.8942932249824628
0.7248399989611145,0.6282842012238884
-0.9624293697564027,1.5324968978249536
0.30367708445179503,-1.9295738510388296
0.6792466997258731,1.6849480214443804
0.701507739996216,1.6988116943742808
-0.029770907128156235,1.7243807898203272
0.3515203757048304,-0.9400648130352954
-0.14278621577117312,0.9185628514686595
0.9911816635129249,1.4667828783356505
-1.3793126869613705,0.29119382018231194
1.1639185503633576,1.5480826185327956
-1.4428031194102429,-1.3340311430824905
-0.12403100275009847,-2.096246654413779
0.34545894954110584,1.4537059582188951
0.6022130323656476,-0.5686098086326384
-1.3346593463229464,-0.44825322163122855
-1.2926312817022458,0.7558711786317116
-0.3169765678418656,0.8695706303518745
0.9752035436330991,0.6482277257554316
1.0138340962820032,-1.0794422586076406
0.0855470186622048,1.1189207130118215
0.37395294012408925,-0.1993334022501477
-0.7701645283877887,-1.9904115783537488
0.46343603915240544,-0.8492770656668862
-0.8506897819340546,-0.8692151077791639
-1.657579335447391,-0.8563066967484947
0.8176295220469331,-0.09176124681301737
-1.0895401881551872,-0.6643054768769922
-0.03329202342138359,1.4354048015102836
0.6677386700994954,-0.7196022575982991
-1.5051486404384107,1.3014676417377222
-0.9812500279006583,2.0877923088510637
-0.332596954385626,2.050735547888277
-0.7955439995955483,0.0538678820738805
-1.1636152708158016,0.8638592192929399
1.1809376897231525,-0.17619291172029986
-1.1832005654711697,-0.0022594999006588143
-1.0138521887411136,-1.9747572966499083
-0.8077745241810207,1.2813282397370078
0.33793348404709134,-0.1486881000581634
-0.6002290453560817,1.2211124098135981
-0.8593851294668403,0.6756405268574073
-0.29484910652874263,1.7055006802877113
-0.27778007261983007,-1.1061363196526028
0.5486050027871228,-0.5663515546219393
0.3064738787885295,-1.9015608566726603
0.31765702724010797,2.0093732271932043
0.4809768138099282,-1.1982277890386435
-0.4978736145022447,-0.3123656488700557
0.6537085747045785,-0.41581698133232503
0.6905096760353261,0.7797922425679
-0.2018052046946176,1.3015472066606963
-0.448010857842554,0.6023294497320827
-1.1351846457652668,-1.8966308595080363
-0.8710185526788843,0.9398467120902807
-0.04439866324154668,-0.055175415311692
0.9036972241649257,0.09291534653234908
-1.5747191047534184,-0.43984219886932413
-1.5200843173689593,1.6223386556751478
0.6886198674863453,1.157633991178471
0.7050151965512284,1.549507379266674
-0.47379741664926855,-0.6656193336631974
0.006299441001118475,-1.5605439763768103
0.6298469494112251,-0.7111118285113303
0.9692090489833272,-1.70472476721214
1.1469749418684452,1.8381848732429804
-0.49024968692306203,1.399949602953624
-1.2536028278377984,1.7431387792258168
-0.6331705221948795,1.3516809211646754
0.2690066666782246,-1.031860652625762
0.8972884972609416,1.2880621505249827
0.776910326617093,0.8946746671643006
0.8551635053822512,-1.9154073124901854
0.939650155541216,-0.19852800340118643
1.2245560619470652,-2.083986879464439
-1.3056987883370397,0.6503323021771854
0.6983407917561406,1.8265285128410225
-0.838621737212264,-0.2733794831134958
0.5687677421404774,0.6761596625866929
-0.4580957237939621,1.3639979490237784
0.6538157840323596,-1.5896263419931098
-0.11110450285366086,-1.238030814737651
-0.23843887032971228,0.5733135373775271
-0.3135515030085063,1.4394663153021132
-1.2105566032936845,-1.1363908044992006
-1.4586151365864433,0.27706081120143156
0.3094745203713481,-1.1139046035841313
-0.6183760282888493,-1.0391156664271055
1.0304349942576234,2.036662906895611
-1.0587790249128974,-1.9182363934956506
0.8924115093266336,-0.7221273019876583
-0.8151429190928302,1.2621312774142766
-0.31334234258147103,0.5122120741134472
-1.6185608434469454,1.0720503796474719
1.1691835893222065,-2.1203185711369663
0.9583279272866242,0.08647050379904447
-0.3727327672274049,0.7299591442518056
-1.614644208690087,0.9702528958904951
-0.18887041490266332,-0.6515911539270006
-0.11785415091676499,0.3455286886546083
0.5036096079926268,0.8462236550985984
0.8690928548206023,1.2979420133754618
0.07038007923368757,-1.6362824684685118
0.8959923389770061,-0.21743709050047627
-0.6597210144717284,-0.07664250364541199
0.27472439528401804,-0.6930314052818497
0.46823206326199696,-0.5938513151097976
1.2667236527280905,1.8039196971170817
-1.6360764724428727,-1.4396384966869016
-0.9737959203303252,-0.4414048473891023
-0.3499011608182779,0.22346823781206096
-0.7270758767265721,-0.8222748634872674
1.174290635501639,1.8497711261066698
-0.9596866729566552,-1.6161225517031788
-0.9455069462146197,-0.27315351469985644
1.2191506942238295,-0.41597599822123377
0.6974524072860292,-0.9590598133779926
0.40087440169130395,-1.2348197437802468
0.8205941929193027,0.5156764441973475
-1.6461952510024718,0.09439063886812331
0.5803418483684398,1.511681512857102
-1.167089222958074,0.458861308102011
-0.5574956722647587,-0.9019208540616523
-1.0442952029092007,0.26816434970703035
-0.017623076317234053,1.513318933571386
0.7519667338108896,1.4010603265261998
-1.3850797621423536,1.549690104003762
-0.9886618941451265,-2.0641711102599896
0.5066304040902706,-1.0231582992141006
-0.2937212330211241,-0.8490579791291621
-1.0585502781057943,-0.4831836279138548
-1.5156880856681076,-0.7900095964285487
0.30812654976620124,1.2689066290381767
-0.27965542455854586,-0.8409274120410768
-9.437173985528635e-05,-2.0456838122352257
0.3420169849120437,0.11854412152818661
-0.7300190642339726,-1.6505139950722028
-1.168674931893756,1.4581494214492399
0.946374769059963,1.291140421864757
0.964164799489054,-1.0228220269482677
-1.1041183062092725,-1.3019514499018658
-0.49956057818668803,-1.0809530385995803
0.17663635809191383,0.251616496254044
0.6838661870587107,-1.995794092445816
0.5491072336882408,-1.0651125132316621
-0.4011405945381614,1.0347459459455286
0.8060668822797452,-1.0654308740835978
-0.8407627287956494,-1.1117446241494935
0.14730386397102113,-1.7064472651631257
0.7567144084761402,0.03118320954865556
0.8212439490789717,1.1666206631757428
0.11623011180732054,-0.6506789134670631
1.1031349834210908,0.5731079971553747
-0.48921659088601704,-0.632435267222491
0.523242062237505,1.3074057513039388
1.0873511959181952,1.6037809361169015
-1.6419566263383736,0.8973691764555745
-0.4115179795919873,-0.9478043010732161
-0.40016811146113573,1.7335903169028732
-0.5162338753642697,0.347171367939018
-1.5759442155696226,0.07095975615991862
-1.211650930552498,1.4802189410793138
0.022586259431365635,-0.2278992242142193
-0.3617536084569355,0.5732754388923665
0.7704230025616919,-0.01154990520390626
-0.5036646893240623,-0.5796590420808119
-0.9367662331786267,1.9868518199311755
0.1486029036493271,0.566387768220965
0.8812881182027191,0.22514361939817162
0.9478955460953146,-0.7037597367260443
-1.4230507610965177,0.3288282929537406
-0.49587578548983796,0.4985698716710106
1.0287050230986905,-1.737938698407426
-1.2359620309680037,-1.3843156085116375
-1.3160017010058371,-2.095129397021679
-0.8335393102515849,-1.2619816335720966
0.02796049720271601,-1.2568410185361059
-0.0054571169039814476,1.2804193396271555
0.5325784919246953,-1.9555161526513212
0.17206530286790464,1.4643146055376763
-1.2591221393459635,-1.916607433386185
-0.037246575352435515,-0.4983887663326134
-0.9136683615776574,-1.9844046087643763
-0.918044079378865,1.8925501307858275
-0.8121363691572021,-2.0831330387039197
0.9008612942480412,0.22369481038009562
-1.1852645126510988,1.9643254996085415
1.0864018501608432,-0.959689026824488
-0.6116436227763021,0.24026109571811552
-0.8360972380461398,1.3420813804467362
-0.4510767598219262,-1.709598451439794
0.7580055620936634,0.721780951627864
-1.1288617035179132,-1.6457424745338887
-0.0870600685496253,-0.5996713518924053
1.03815082359624,-0.6332369798445678
-0.7097874181411077,0.5326302934676894
-1.2967545563550562,1.9545100847019214
-0.6505256408245147,0.16340070533237055
-0.2418213099535119,-0.8875038601279682
-0.9355038407681341,0.1823730546125127
1.1492643096753103,1.2864540693149071
-0.2070326234303828,-0.7956799727366154
-1.563128594816243,-1.809087468528372
0.3523342144464104,-0.77781478939641
-0.18257742806835892,-0.4971625718147825
-1.6385490930183344,0.2997746446823491
0.06825654536806706,-2.0115932410741846
-0.8292868375977664,1.4895170793709185
1.1155013351093142,-0.9653131554432323
-0.7942780411857816,-1.5378030393931346
-0.927479791200036,0.7149002101496328
0.33654917032531256,-0.04213427547061051
0.4456348164505567,-0.05248906995564079
-1.0161128872372769,0.15779610346935913
1.1179726806962742,-1.42587253519026
-1.2804909061504859,1.6291543619368514
-0.5850839553701566,1.1663904110708696
-0.7825226811986302,-0.5190217264679614
-1.3943057792117515,0.8353474330927032
-0.5591326707424406,-1.3688786176156387
0.7164772949796578,1.5312348894158463
-0.9118538607143561,0.6453854146902319
0.9197947095327025,-1.2912035449886565
0.6647966457211175,0.556442793831014
-0.839026211144986,1.4414596490853644
-0.09820763848685587,-0.5654678152883047
0.3425391133613745,-1.9570702475935464
0.68614439276299,0.26831738582106585
-1.0834276633350586,-0.03078485696129937
-1.1599560827715776,-1.8102138934434162
-1.149769537359384,1.9011089454339112
-0.0014491990619019848,1.6534574217354352
-1.5679520781702911,0.07302983218111013
-1.1906283324879139,0.2577615057000183
0.799216533490802,-2.062375850976186
0.9097764794200243,-1.1048871867694408
-0.3116460841537484,0.9742580618889201
0.329445069197533,-1.8913915069436669
0.10211378453905344,-1.4846397539540577
0.07816669196950386,-0.5229685660268892
0.11146789062469198,-1.3115536071036258
0.6143722858897388,-0.5997719738043682
0.48215101691420215,1.8366482066275893
0.8761744658018641,1.7628234577089534
0.998772073022242,-0.6154903852657433
-0.33426489999315845,-0.6222080709703466
-1.4726412060890097,-0.062357542933496206
-1.2730587751227815,-1.2581042352664797
-0.7753616740150578,-0.7737677189312968
-1.0855287294226341,0.8782667579418578
0.4910714718603769,-0.4990636320185668
-0.8713816653802322,-1.1387697251840212
0.10556389977287114,1.8479321145382828
-0.22480210237694523,-0.38606275019081415
-1.172760226396556,0.6623113449816
-1.6037095178869238,0.08053388960895869
-1.2439384962484632,-1.6368167314747253
-1.2417950682278311,-0.5871414401321815
0.07526143861414139,-1.4650777107524027
0.5054960394086101,1.5393508548870813
0.48223824054993447,0.8501005859906788
0.294121392764804,-1.8402668587283177
-1.3627381981723803,-0.6000586523249789
-0.34185035282784787,1.7783126179032736
-0.38383330809814215,-0.7637511348206351
-1.6366499080059511,1.2218164596692935
1.1133725504073664,-0.13827367590196898
-0.9322509693164706,-1.9209257135788502
0.8065627555228274,1.8455572060909042
1.150443990740827,-1.043203339877648
-0.5302549828433604,-2.078605913577768
0.8804529884591229,1.4079820426348222
-0.9984159877907733,-0.857858440070084
-1.0474221074720074,1.0419615677754939
-0.28109868812738975,1.2483476307345343
-0.26804672586832434,1.6664166668615132
-1.5969977945869418,-1.1322045093839563
-0.950419938655692,1.2786349326353508
-0.8695493695633392,-0.2496576471143506
1.2295010710404772,1.8778750392274832
-0.5753685295390774,-1.9638542468041098
0.31148242059302206,-0.2764823419552802
-0.021885008511576216,0.29631256101511044
-1.6173298501821711,-2.1231042986987885
-1.5415762852696755,-1.92447940548656
0.2698517670305738,-1.9840721306205675
0.3282434233029116,-0.2903146508476352
1.2153752449254789,1.452926167641925
-0.07015187983657568,-2.056482037638402
-1.5836925668413142,-0.31777404988123137
0.8253021722354834,1.854309441176391
0.47723454598637544,0.9613287409803682
-1.2183744020996186,-0.6792180290502947
-0.52546642382014,1.9291750597366115
0.5173460054707374,1.7305539452836225
0.9944732816531423,0.37231931177126365
-0.7114628205408533,0.9773738030225015
-0.7134819916088961,-1.4566515250480991
1.1903673963749344,-0.4294229690817628
0.9509596473717938,0.5695378890434306
0.678944918293675,1.9716346622070349
-1.2400678828581995,-0.243726148279201
0.19927129643156788,1.8539867867616018
-1.0246561855431275,-1.6721459523944597
-0.04247032703385106,-0.9562379517724192
-0.8533788066438805,1.7067728046783686
-0.08563863663135887,0.17251479828444022
-0.2557355356785998,-0.7941252974856161
-0.37711139576989494,1.9827594432943672
0.7499310870507028,-1.2784734598809435
-1.0769331262216923,-0.46323146848124747
-0.449294780997588,0.5734504693028812
0.795740291799578,0.7112380128370116
-0.05558288746832329,-0.2907840533261109
-0.6322149081931373,1.9577784311528434
0.6030491733475261,-1.8540817308197353
1.2566973862861948,-0.5490492318517053
0.2519590556810642,-0.4490334363252327
-1.3804121719215265,1.668301530261968
0.8592713498534796,1.2315830077063956
-1.3182677726553285,-1.8935602965005853
-1.365727511453006,-1.176925188281583