0.02333073343442079,-0.00088643091329243
0.15450460340053726,0.008785408586255521
0.21088877368064182,0.00541612414815769
0.06597864593889771,-0.0029113666116582226
0.3228647911866968,0.005039271433567334
0.1475434039965307,0.0067044557095591725
0.3012880940327045,0.005420464111236236
0.2383868170495584,-0.004265198955747902
0.3360925190983067,4.2814456760681856e-05
0.30040879854181,0.005856308690714743
0.0912631683761531,0.0021086532157576663
0.09436202500591674,0.00591499479895975
0.2534525903973831,-0.001903223333468035
0.2376893192891058,0.002134574718932276
0.03735926160467668,0.008284876775864314
0.09741558050937926,-0.000770736015125878
0.006542392082253589,0.00020121464752662776
0.08245245177267295,0.0020212184878343705
0.08485077418617241,-0.00757791223124767
0.3183106150853764,-0.005294732879695261
0.012912844837631901,-0.0006754738772464477
0.26633156753253745,-0.0028615011775247135
0.2762854992965409,0.004053851477776284
0.10753864266924,0.003124089489259884
0.1152181018595328,0.0026671335220338423
0.1534721032103239,-0.010239213364494367
0.27399936982678685,-0.005438941484964352
0.22108280094692082,-0.0015588088516987639
0.06215594926099639,-0.0025001922896779045
0.2813971474215942,-0.00034961720147144026
0.28891493853726147,0.00305634119851273
0.039667781539596,0.004567731855103714
0.037321041102526924,0.0012410984832566386
0.23300870079958502,0.0077387339907790485
0.015451834511158332,-0.00732457267644752
0.12445205110863795,-0.0046715040857567055
0.09479843585274643,0.012968768076262923
0.1518336798324902,0.001538124619233158
0.31542917148632066,-0.0007327600135258575
0.1730953424881069,0.005894184921968396
0.2399023024757331,-0.0020356460092567272
0.26795225407169077,-0.006748310024838506
0.038952512925263395,0.006528213144505235
0.10785710058094047,0.0038544701153495186
0.31221409837322683,-0.00417457579104492
0.23814758462333538,-0.0032240363948022903
0.29970203083964814,0.006597212845880623
0.02977899667403912,0.007861835266168737
0.10546479119585327,-0.006755509247824454
0.0605575126461279,0.00390996003048911
0.48372698648420714,0.3004208153451137
0.4048145621633849,0.3004290515692286
0.3903794329099707,0.30026901126762723
0.6097216932073825,0.3070462166236285
0.49213369883647856,0.3092631010541022
0.6645300520194548,0.2924734445440966
0.6391178922827954,0.29532025598049644
0.43571573797037827,0.3111862267044749
0.4905032907163443,0.30157700399686593
0.6465227111699109,0.3042710758773005
0.40442417130609226,0.2995422476525884
0.5716217445384746,0.30087963675476725
0.4373212083490244,0.29518889719127234
0.5755944210088118,0.30773957474105473
0.45191812716757235,0.3031156497091365
0.5786454115200181,0.2939362830733941
0.36091308614921797,0.3003381654170193
0.554342072420628,0.3034767488189983
0.48301519039932184,0.2936650701516969
0.5033322560745764,0.30521912183442945
0.6091365606957369,0.3048652794737135
0.6624419751503487,0.3108364176827217
0.49015950015493126,0.30201631076144203
0.5312380089938008,0.30816298341792303
0.466155309959592,0.2954405084518476
0.4815605184122275,0.3004073353880667
0.4338850543932387,0.3034377978460977
0.5544460021374124,0.2925694386509784
0.5431784590264278,0.2951918705850509
0.5104678229010859,0.29478555310415266
0.49027691570862103,0.2970958829077409
0.4928809533654383,0.29858697268176315
0.5033229587750752,0.30753485912294143
0.6412281126111956,0.3013884395033863
0.668154430003109,0.2952200044827012
0.421271185405669,0.30667540933924764
0.5905331076417042,0.3098096368324525
0.6424860680424029,0.3049378047209761
0.3887770335634821,0.3001878201408851
0.6670204904840761,0.29485542916307417
0.5957411914998231,0.30658971930958634
0.5086170256615303,0.2998108866097721
0.5606816811544625,0.2964686188221296
0.3755080171217172,0.3016820722260921
0.38485767718810376,0.3007476894227379
0.6058988357486021,0.29748782425460496
0.5134358627361673,0.2970139831007966
0.6309599925475171,0.30462242955239605
0.3789970941306703,0.2966707769849488
0.3591782765338569,0.31224184502300995
0.7258966266802707,0.6031135562814269
0.7339368329175703,0.6018824448038678
0.8577244360686648,0.5943394397997357
0.9457281234201138,0.5985613862081237
0.6833354428559548,0.6082467620306675
0.7352992163490232,0.5924099089477729
0.8336656616659304,0.6019557715009541
0.8499423543494484,0.6037585941226501
1.000042997580757,0.5948935847115782
0.9972894430311761,0.5969246762281839
0.7538902128172777,0.5898225923862027
0.7758019335326516,0.595745223236206
0.765716574352124,0.5927707374324592
0.87709256977972,0.598812751099278
0.7543844251619887,0.5909531660753411
0.8365361664698456,0.5944917710678433
0.78911873959782,0.5944228827268324
0.6748518693508897,0.6052190062381749
0.7911312486047754,0.5937252002227132
0.8841219980346356,0.6002938198572971
0.8743969354263665,0.6062797567889162
0.733305036917435,0.5964798430097995
0.9261221715005316,0.5962538897097059
0.765113360392999,0.6047175476739716
0.8322570956243112,0.6055768056598873
0.7142280896270429,0.594878302603018
0.8312031553428683,0.5955371333991296
0.9867578984142678,0.5988275410271061
0.7575748961535208,0.5937076825852086
0.8088998608982432,0.6014999598973639
0.884477437004911,0.60415012969004
0.8126334219188776,0.5940370832005106
0.7752920768588245,0.6052639013736797
0.9395885786003414,0.5937424950003223
0.846666285792362,0.607126254548536
0.9890654393353968,0.6038315994198746
0.9921511319008005,0.6023347154069145
0.7038206330152953,0.5874877015467888
0.8839630408290254,0.604119804087899
0.9531688337964934,0.6046562132679268
0.9396315166699422,0.593101787538214
0.8136148990120369,0.5939195814022894
0.7522755461594925,0.6021142816797863
0.7015486621079903,0.6038941467805499
0.7281585530583369,0.5989385834772429
0.920391627440771,0.5984707026488199
0.7707934370582066,0.5999321272188881
0.7206588540585523,0.60122928716695
0.8156173121163346,0.6039842587573377
0.7577977576764663,0.59615000754329
0.8356581835878959,0.6090605618856094
0.9719574307290403,0.6067220628321479
0.8228597527962668,0.6037463203994587
0.9492524570580081,0.6031912464704086
0.6619159539399625,0.5943354602907281
0.6848338026423838,0.5976201920769167
0.888445582918951,0.6044661825032275
0.9488705393229842,0.5925174421789349
0.7870141148341461,0.6060145969804501
0.9303477305890474,0.6079392910358575
0.7486672090163954,0.5993619400320235
0.7754869514383281,0.5953041368737837
0.9783613708981325,0.5972277576264978
0.8224793148519397,0.5961970954476401
0.7145677927371457,0.5955031284809685
0.985568195737986,0.5883711559237662
0.9415615986802494,0.5962385175123592
0.8774866439861757,0.6017998436119575
0.6912888882296587,0.5982663969596869
0.9332478306326963,0.6067589848973162
0.9165139675927311,0.6011891604602896
0.8016868693543798,0.6063777969821809
0.7214255397950653,0.5992245310808122
0.7503886688157899,0.5985433532716318
0.7936193444683457,0.5924903437917819
0.7784080384716406,0.6035004195541938
0.7558495195228193,0.6014489695009037
0.7548119821930782,0.5999377560023432
0.7444541268548786,0.5991965672108109
0.6775635835966247,0.596310706042655
0.6961447954198328,0.5977097277784086
0.7019633506373884,0.6050764802114497
0.9776897433091982,0.5929485228376805
0.8696165268003075,0.5971772636972051
0.8872485647908602,0.6041652142543031
0.922727003290079,0.6003765630268303
0.8936879313823282,0.605752116887952
0.8641129008229256,0.599852783703053
0.8404628598884472,0.5946502969852929
0.755074093877544,0.6027089980690222
0.8852274836157675,0.5959035273928893
0.7905928249644512,0.6009313010893808
0.7386623152297068,0.5916056350743261
0.6654387680373962,0.6052472988078326
0.9836240177869982,0.604631192866381
0.8752462784848734,0.6039348483594292
0.9259192918970988,0.6072020477703239
0.811486911562414,0.5997516672531924
0.8141863764097999,0.6046863660920052
0.9673158817096751,0.592403145817583
0.8887304368515818,0.5976616352812987
0.6751983927118667,0.5951742679760506
0.8975452857715602,0.5949099053012648
1.0004453856206597,0.6142303544984759
0.7147404047988916,0.591073766201696
0.8864301139166283,0.5887809653618602
0.8111743102609301,0.6054328173753273
0.77481755355629,0.5936822259915976
1.0022374291546272,0.5993710041022305
0.8376558772565672,0.5995601763640901
0.9203462702373835,0.5925689972207593
0.7886069321962575,0.5992587699551885
0.9227872001047556,0.606214404670198
0.7382050878627927,0.5984765042251647
0.7599461202949251,0.5946283240421054
0.8715269130761545,0.60809856067433
0.7461107010116995,0.606293234238676
0.8259502137571847,0.6007145033978668
0.8675304214336375,0.6046193904856455
0.6775612496505505,0.6063446965987503
0.7536247799760828,0.6100201512307889
0.9014825104075159,0.5992331228944234
0.8358288349627246,0.5963444496288205
0.8493042734563164,0.5950603503303651
0.9864477593815685,0.6016555588857458
0.8704771992694872,0.5909089347192119
0.9669688270061183,0.6087188717116874
0.9673410146423055,0.6054841542599039
0.8433972153285874,0.6031290057497736
0.683303278666156,0.5934945744888844
0.755178694459742,0.5870544202563301
0.9681501346184146,0.6020948669315943
0.7954943902500973,0.5917275343126671
0.7758435897833077,0.5934985452119488
0.9451185042183915,0.6071332417863969
0.8465606286684733,0.6024815440110647
0.6883051061097986,0.6000104655774793
0.9978395659213994,0.605930444465361
0.7224554737954431,0.5979724177568968
0.7813749168675675,0.5976131745395541
0.7293750175865292,0.595710282320799
0.9891360096093161,0.5971058148535022
0.9750642238385536,0.5988411743697571
0.9706345293565727,0.5973285353901212
0.8155601208678123,0.5964895235105164
0.7552140364966142,0.5925124568484553
0.9573424741425113,0.5977633806547282
0.731266886339251,0.5957282100495943
0.8149206871988559,0.5936040062985514
0.7945223346901177,0.5992954487791576
0.7965344535933911,0.5971692856261602
0.7398391284243865,0.6066648403630989
0.7479986940880831,0.5946969313739084
0.9780432475902954,0.6076835771868578
0.7905216050415772,0.5965429295792537
0.6655492286223943,0.6024324946210287
0.9938317896366989,0.5924323223746324
0.7040822766767988,0.6036354607841669
0.7698632453153806,0.5950984401724638
0.6757671926627757,0.5956664830987918
0.8574128905892067,0.5991399018570915
0.7847572845130113,0.5966829002284405
0.860623872965994,0.5953805854627576
0.9017726724175039,0.5976197371178052
0.9598243366878264,0.5969509567315943
0.7267598880620704,0.5948076869562526
0.6675635474172612,0.5957589081645195
1.0002537369710844,0.605772856904397
0.9785032434352249,0.5979493209321629
0.7972379757197023,0.599303070859776
0.9269007035160575,0.6059307318252194
0.6764429002552088,0.6045264051941107
0.9596187549299963,0.6079201986269335
0.9160036994491106,0.6005964892087988
0.8955380173336762,0.596865510115956
0.8646559069536358,0.5996597602410402
0.889916482287827,0.5944139137161626
0.8365112320933584,0.6149775279073023
0.8555155531756669,0.6076494491743756
0.9709575597499275,0.6005685051762213
0.6876095036898999,0.6018364911442715
0.7688491405748584,0.5898384264530403
0.9085653306549935,0.5907665160604825
0.8118017235200767,0.6077645462712865
0.9197983560854311,0.6049238835783338
0.7080685523697311,0.598610693528126
0.992080611986343,0.5986085503552283
0.8528927420302094,0.5885968528600924
0.9044969121674017,0.5955046978472167
0.8283514528365241,0.603993247796763
0.8608195366235313,0.5916071907947766
0.6968975567041583,0.5879762488776771
0.9604618325660427,0.5985370156563424
0.8883274035478008,0.5985034246162624
0.7362008145825668,0.601398213437011
0.8874982337058791,0.6032519198758769
0.9362761074203704,0.6066530097419724
0.7048386681156965,0.5958341819853076
0.845075698602268,0.6068622274055065
0.8726119889507186,0.5998314198619392
0.9174995290479854,0.5957457510056063
0.8636289429500159,0.6181094820239579
0.6995984235583194,0.6046268191551616
0.7760523750670534,0.5996958295266779
0.8599691522257004,0.5904797189165244
0.79584648571256,0.6066340931572289
0.8874149525208421,0.5999145038068696
0.979810222088228,0.6036511872908711
1.0031523202437498,0.6039844765951344
0.9158939713010794,0.591959136714434
0.8480673184366073,0.6055271206131709
0.7007065960998657,0.6082129396888614
0.9817279126939261,0.5958839422738371
0.8848758413195628,0.595491803898379
0.9471386206554158,0.6002399939767105
0.9947248872326782,0.5974381414566846
0.7281731232444746,0.6006973128950913
0.973075358889522,0.5959546140121662
0.948369567888601,0.6110988544021579
0.7591136359096853,0.6002220557198547
0.8321709535690245,0.5990333450930154
0.8912756002465733,0.5960440997268733
0.7444409457653118,0.604596854885976
0.9042597342866182,0.6087968106730299
0.7070911911420024,0.5994083539117253
0.7026351007250408,0.5969141206140117
0.8453407471109695,0.5989190147369918
0.9035423668032208,0.6038589066611956
0.903458456236818,0.600817178879944
0.7010977830275741,0.5946884836429435
0.7848577181030024,0.591812206180327
0.9513466168266921,0.6028211452778096
0.8679674804618511,0.6059601373317018
0.7224041348235437,0.5902359122717517
0.9726840848200436,0.5991007417880199
0.7167885611037434,0.6123560783016696
0.7782706186399275,0.5950072976566002
0.6705216562933215,0.5952019511229758
0.9818251070397555,0.5999000559929243
0.8285700144452578,0.598221992903334
0.9945821657701223,0.5961589614634437
0.8517375068014833,0.5977414003263118
0.8906115813536473,0.6025513659412279
0.7523162621481921,0.598639400814908
0.949631368514963,0.5980982643759971
0.699896532603158,0.5970557583533631
0.8901460785097869,0.6111501245212989
0.8082467726829029,0.6024841263320169
0.7679026616109966,0.6030983069071878
0.7265501766624806,0.5936989049389809
0.9179816159728067,0.5973978222280782
0.7947238592201629,0.6010353396421847
0.9066891005202555,0.6021933350758483
0.9627537234129833,0.601927089728807
0.8643167333620214,0.5926919788603082
0.8366979230730478,0.599771164861278
0.8819752193459677,0.6056081169615571
0.7528770990691969,0.6055480961797198
0.6980742326565016,0.6051363772726868
0.9809418672928588,0.5941956358226467
0.7132435786349278,0.6008930188862323
0.7258494445831912,0.6009585370563103
0.9526609502814191,0.5938770438073718
0.896189052692318,0.5929484501587718
0.9688860066672746,0.6055319104938388
0.871136240689318,0.5956913675481378
0.8309703104502489,0.6030212506994294
0.9557055389254572,0.6004647763642326
0.7866818280423776,0.6017064308725774
0.89567371795122,0.607558803839578
0.8775200548767862,0.6045936006152888
0.723201480040471,0.6055803070964879
0.9848980098087572,0.6014974806531301
0.8187598541171847,0.5947190005302558
0.7409137835445753,0.5957408403399104
0.8343761295049265,0.604092143567281
0.9560538817852674,0.5886546949159425
0.9422821797549965,0.5970977095385539
0.7670396219239319,0.598559919902673
0.9724476391541453,0.5959415543415136
0.8807062848949693,0.6073345518149399
0.8335245449159311,0.5914879537205475
0.701500995600641,0.586782465110316
0.8759486173541383,0.5910898662336563
0.7119579894410913,0.5953279746944028
0.9495345324651958,0.5844870572511213
0.8532547113321914,0.6053196924448955
0.9152645305011132,0.5908505330524245
0.9105569782092627,0.5966479259832739
0.711948811971806,0.5980877569291555
0.8799035905687961,0.6041508064517405
0.8440360626790999,0.6000210375336315
0.6770189514050904,0.5992346553764195
0.7607039649113064,0.6023601659212086
0.8414276905853053,0.6009823111376053
0.7607627569842246,0.5959937961389976
0.824130673469132,0.5899625664111623
0.8411040793778753,0.6036530268655108
0.89028963262273,0.6093671939963861
0.7872684641269212,0.5961790373847653
0.015869279516901157,0.2589666759600174
0.5039083611038868,0.31332295910468827
0.11954170316289502,0.03343397949371368
0.0563469947482032,0.05263671847115491
0.6896264053422052,0.3897070387155699
0.4918795357622385,0.027263449896882695
0.9011564960415285,0.5848323243834574
0.6517995537937121,0.41773926905249376
0.9004647454505,0.4010920078947565
0.7252326220318164,0.5392912460034148
0.8350774650388262,0.2860076846603586
0.8313049456995006,0.2764800887788732
0.8372960814673268,0.10146218157693124
0.9603422786945289,0.09752713276747546
0.3733391320060338,0.3664359916946943
0.49970248685383517,-0.005630979636100338
0.3449009051610401,0.23615731626615763
0.6238718084123973,-0.0011436191566576957
0.980758134805024,0.5926988039505083
0.10264855465942456,0.5148687196285326
0.7482256918146651,0.4336618226639953
0.2980502719477274,0.08769763086828782
0.3042052121510443,0.23272440444314801
0.7564649256431243,0.11361864769923069
0.025142848409634405,0.07256942129807731
0.5285043205346783,0.435052112636369
0.8680477396608354,0.5526185465170614
0.3940670271838485,0.5160948837797978
0.2180148959359067,0.2625659456676856
0.48011219961938006,0.2566877317672786
0.5693005299853725,0.2767258834237347
0.3547870976631021,0.2748028754247159
0.9791426186766459,0.08777167797891192
0.04423422309023608,0.32253890669032187
0.7981194471538198,0.17720793001672072
0.36321174665572215,0.09539535236533471
0.7519706934112235,0.08118679633963455
0.9179514465058789,0.28610878253658745
0.3779414635860403,0.11187394276734652
0.9681548410394313,0.24247217385110545
0.08765226160465961,0.31791176676601113
0.048849471231004825,0.5583646162277942
0.30233226514525735,0.17841525695399751
0.36901303606220437,0.56114826011784
0.4951355673340354,0.35000876192778485
0.6727948034030912,0.00022891006548711804
0.6776740976293563,0.5155678988487608
0.5767035699750954,0.48267389380294595
0.08686142150446878,0.03469817027808288
0.9018282488275612,0.2811819522616281
0.04480077941578179,0.13714712706024518
0.7860851174964922,0.4278505920857861
0.04307448106292606,0.3126196414561758
0.27282046719471637,0.21137061848222763
0.21107051388427528,0.4614583466092121
0.26455915032857413,0.495033842460107
0.9359960471390428,0.35652905017376707
0.01463975988579877,0.28283196366678953
0.4086477706328752,0.4029476825450513
0.8976135314840618,-0.005797171447882738
0.2100591362139661,0.2782688308823778
0.02824458414627011,0.0017354235297067956
0.7013460654126281,0.43537682217540996
0.19691815517759145,0.4948791391467619
0.5511229326367642,0.503240082615543
0.6077226160905318,0.10558849792295223
0.9919841677017242,0.5883825865703245
0.09867504542962997,0.4301636436567904
0.07061177346897428,0.48717238165296844
0.9911451570146015,0.167492449398481
0.45711773317051624,0.09523792075099867
0.8575587637516796,0.2836638512197325
0.40662653417570915,0.6025218256616103
0.3934327876428094,0.06624169231426522
0.8879516254495163,0.09326717684905672
0.6563050386721239,0.49717310103656726
0.7807080302729883,0.0739729179582409
0.10254549201941124,0.5701136605979692
0.9694290845282831,0.5587669492466228
0.32771393047570896,0.42211645720443325
0.29871686274999093,0.30518137627436537
0.7057936205802322,0.08899166286382085
0.3636054691391277,0.33042630874137935
0.16417715959519916,0.029425460672925403
0.014745098498576125,0.5412867038354209
0.8337236517001125,0.05609015812847614
0.6308638448008336,0.3972225503197069
0.8750264275735008,0.32217776230135153
0.6303278400177112,0.2107615244583744
0.13673722254972442,0.474761520564232
0.45743871087463767,0.354155977968638
0.2002581393627642,0.4794330538560123
0.9482024551436282,0.42559390952198806
0.4231059521292256,0.43732897559954104
0.08523939770703151,0.18231100992178573
0.869989841942087,0.07992614656573646
0.6907134895781777,0.41220667108576653
0.026236991796662792,0.23400352080856132
0.08075139901867737,0.529690546269728
0.03179326514594379,0.15059948477151364
0.4539293720906769,0.28711169243944873
0.5144069734077389,-0.007726193665070888
0.778416945825398,0.309910772015691
0.29039059869884815,0.1526702933242122
0.0846317579950998,0.10436215358429271
0.9189907311469854,0.13643018157785763
0.6473435047305698,0.09234385664055818
0.8209528421233911,0.5143967643488322
0.6410273177641655,0.4878147307595521
0.7752132997213252,0.13988753159232034
0.21106125613704038,0.03769891996140891
0.7521620692173863,0.23672019932639557
0.17170077891016455,0.5656681041558075
0.2838313805068432,0.41705451638804325
0.38987085902729285,0.458352003061917
0.25677855983462505,0.19398803191840713
0.24697201646223038,0.2651896986865341
0.8451574579398567,0.4569421426608046
0.027402980545589442,0.10800083848083368
0.8984270538841526,0.07856210617305305
0.4411937100980424,0.5061451123273376
0.2716204859244744,0.42996241809788494
0.9087177209638589,0.16465594332929953
0.5644600888129565,0.612532997338929
0.1152039493174699,0.5274735681206573
0.7056777157473118,0.5175721404946219
0.8264645378565261,0.1513624083609179
0.7425450465248656,0.23321739124238278
0.9910873599899286,0.5247859068516556
0.16518320980633086,0.033925302999691306
0.9912724653310023,0.3500606355781532
0.7303652140755189,0.33180219403790623
0.6046019910759696,0.5177865579014372
0.16437002627734362,0.016467623530293643
0.07962825517047432,0.4727957354062467
0.22339414445016473,0.6094335675392251
0.3097930674565614,0.23706960119202752
0.8108321042501468,0.05375599641887944
0.37036823464368895,0.1995466711230514
0.8723587329492191,0.18600154960655046
0.10910532520311415,0.05297035699348044
0.48546455700344077,0.18233328789603664
0.2596114066686259,0.3147137730738251
0.4619772384783657,0.3881341864491617
0.47249364508719865,0.045758026223061535
0.3336365578968352,0.000654808509903234
0.01065329666535082,0.0020094530981614404
0.0953167674473938,0.5158088391794482
0.2580393400563485,0.37629407163066186
0.699494361453366,0.5005577702783794
0.4840020383057837,0.40574651876266365
0.9838336407820691,0.6024430755630266
0.10261877618144662,0.5811541138728179
0.10929316525296723,0.03557415591663993
0.6333329331880442,0.4052732868643552
0.9411063531683627,0.45569814724795715
0.8264788187468616,0.29925281974386647
0.9232355293951632,0.4902162023488574
0.23169085125589262,0.1553180753267195
0.9072876755821643,-0.008284216999740432
0.2283879986770504,0.3035223218645672
0.4562722802795029,0.11742574277510943
0.7361182118325357,0.45358513269027373
0.1118970534841518,0.4653082428341923
0.5839013117567603,-0.0031829494390027283
0.43126005645720716,0.0820262366970579
0.08652922021389928,0.11016442437295705
0.30466132047903804,0.11184457552934392
0.3714107786376173,-0.0017197872353807864
0.4117545914771663,0.2632333719681425
0.9204696587159361,0.0006935893480283541
1.0031005536665625,0.10357863337128237
0.24963820396272654,0.3264171638028854
0.9659456612345113,0.4834373266855245
0.7350880239615193,0.18063878627188612
0.28182005764561296,-0.003294410729699656
0.3500607834284439,0.28878062346779115
0.7977324178190346,0.4930893217574988
0.8312692306938535,0.2508764460959489
0.9403521073716594,0.35268147484849965
0.6157980897228923,0.1343094911722023
0.47258069559552,0.09168901562023929
0.40221755873908394,0.01193240548863459
0.6103034385807093,0.22653840390528696
0.7519792755399893,0.22673619868198294
1.0013681411385387,0.574278528423462
0.08066161809944607,0.36467894949905044
0.18700994260355747,0.19296958245079113
0.24947012738697005,0.15933418710436442
0.9336840179161258,0.4882199542615887
0.9108496060887776,-0.009609329884914574
0.7953854798134988,0.4024004937122784
0.5418715808212928,0.6027313449936889
0.7954101601155263,0.04542856135379567
0.10918111670759538,0.07102215771129969
0.6020678614864426,0.17585727987635807
0.2468357241088062,0.37276421964313833
0.04439072543033426,0.33769069711443866
0.9196929557464569,0.609097397241305
0.10176680153458491,0.10671113999253536
0.6683195173020452,0.43994229545225577
0.325140695152262,0.46913025404115455
0.6893949728104733,0.5959386667735879
0.5236658377717645,0.3740707085018586
0.955461452617686,0.49655099369691375
0.5091823450602658,0.11359095420739532
0.22103229876728328,0.3336521315973481
1.0029219679685253,0.5519244791832998
0.23064638073848706,0.4164424305498431
0.6849540984452528,0.4624133242196374
0.24322432323229165,0.2736033208780041
1.0006367448551854,0.3326756314240412
0.21831331518518635,0.2357209432265253
0.5713587188066196,0.33631499496523937
0.811803179302618,0.048139602491015836
0.648065459183828,0.3064384122526064
0.1342316363855158,0.43631957082113937
0.07377285407250411,0.36753002923609274
0.9033299711928097,0.010485280802663957
0.04562560986799469,0.1313323930434812
0.9921467042507769,0.45986497071633226
0.31132281496073055,0.09466055665024334
0.7224502965142431,0.39814428119349815
0.5783207472079606,0.466767376036896
0.3365774531203037,0.3486227943860256
0.5478846910503541,0.5713356503029756
0.9713780021453565,0.28989656627870874
0.71699195325487,0.1997459365287104
0.1587990906708366,0.2851149033663032
0.9359619189485728,0.38129562316021615
0.7125296017424968,0.07401627420862628
0.9012825613905194,0.4669538584377159
0.3548628050380637,0.20330760967431183
0.5500305091703223,0.14287587203821978
0.7052774722687027,0.004549570687374336
0.5324877769328621,0.06231423457829368
0.11465881212995471,0.1360449361589302
0.25072671307997885,0.07053515274105804
0.8343788686209093,0.254105159228721
0.5532922629120985,0.45927949730844364
0.0636078770053502,0.33257536448983444
0.43679702932695963,0.17460643362470987
0.2642151255404223,0.18515244105782083
0.828135159698644,0.08567797083693193
0.42523109504447265,0.2710530785076083
0.806493901900876,0.31412297147984747
0.9247588557977582,0.34985431825076185
0.7704137695550701,0.021733383709245165
0.5092894909914637,0.4269819596644801
0.8973373574660545,0.2694877235344287
0.8065325595681966,0.020997141415645168
0.19312628889893263,0.21304355231751101
0.1868268652939056,0.25160597458747247
0.36860265040006285,0.21315046126702783
0.6543234968889464,0.3642099365527321
0.6314658396286857,0.011165010591635336
0.786206582647172,0.6157738312579214
0.761123510609385,0.45759585970491334
0.38450599049911605,0.1482103224588763
0.22577208918721234,0.44231819729860716
0.9421884230103937,0.11649680193501295
0.39091437737799095,0.5308588604280009
0.44131357119522263,0.6064153347397098
0.3526357209433717,0.011658998554999635
0.8872165633400066,0.0751203296083505
0.713612128394407,0.27606790051020413
0.6817404360871354,0.19190858443988174
0.40498927067550716,0.5182303114041272
0.8613623112001796,0.09576252463965784
0.1557595160901872,0.13957129960640122
0.728722789940486,0.2619154552007865
0.9144687974772144,0.49258310187760873
0.8659707401934938,0.041255030787790074
0.311117541350357,0.3581827484767545
0.5052217904244053,0.5386192476791071
0.1765702603965024,0.2356279447057612
0.2875982644097148,0.10308448148646158
0.6328612908112404,0.25656402891095575
0.3313441121870416,0.5026870077827713
0.10481135846753994,0.2415842080918433
0.05253405132668914,0.0023227015306198726
0.10644368439536735,0.5508120599569769
0.6752240752277098,0.489557089612322
0.936181832165554,0.1936967256689675
0.6698634927619477,0.4531987620037566
0.016367753335624784,0.08719672297784609
0.5802379985373497,0.32254766651076516
0.03656931704913755,0.36585539437162284
0.08749981912318192,0.23044544130006955
0.6997026358249939,0.11024318472594706
0.01465830171060127,0.30367752227526007
0.23739587759363776,0.36968477492736096
0.1952502908528138,0.06977998440771403
0.41698202514081406,0.011004451226738815
0.8083355773966214,0.21701389092277593
0.513461619370597,0.47181969241565336
0.8683224523429123,0.3932633228093339
0.24538134996032135,0.04249948663688691
0.18198736503939056,0.17903546179717325
0.7098581107638485,0.45831554073402186
0.4653316498995475,0.18726156935965121
0.2468190365655853,0.4323042450117256
0.825325232090743,0.4456084085098394
0.8531395166715525,0.46807974551582027
0.9377871984203924,0.24965348173589288
0.024590518935313763,0.5868025354524925
0.7908023764150657,0.010077393011519975
0.15097893822979658,0.6116467624024935
0.47787846612990786,0.07429460842317963
0.9873170969588246,0.08180555365971223
0.5779056809768439,0.25843683746328694
0.8645708800665972,0.5040042868169523
0.6148023254770304,0.1034610534217121
0.8237631047127111,0.2890256340574824
0.961224553114401,0.44171295918001224
0.8120595817826296,0.18394007103857285
0.35864171062675604,0.002090222444970728
0.6206249999486526,0.542199606458433
0.9083500990391602,0.4876470277870501
0.35484141611082737,0.12571124836128778
0.8253472627927283,0.17543596503502956
0.08230210332725932,0.5652643209252857
0.6145421203019672,0.35109085150737995
0.46648564784193935,0.1714534080870376
0.556859064044771,0.5500135582606914
0.4565367261058644,0.5247305791658295
0.06580154222152439,0.21801315498737245
0.9740676567272308,0.378569190860861
0.5208085420794673,0.03876359553307844
0.6686021338492731,0.3699738716911368
0.82631570567294,0.5317278809494946
0.7757170200224759,0.568461198359098
0.6661098219237573,0.567247238083953
0.500870066811439,0.2303526998413142
0.9548326393536068,0.08937648411409128
0.14294447582933376,0.22133295541873058
0.7881578435499242,0.420657369157065
0.32080936460001214,0.000416857862963204
0.3523803330029921,0.04610453023359338
0.7560556554175281,0.2940934941501174
0.9116930425333557,0.1354601832809056
0.07997650721112215,0.4598487232766712
0.7734917793942669,0.18420105924926689
0.25095651641425376,0.5213924573701468
0.7023181491236444,0.46777865108435024
0.6663080233909499,0.035425700835655764
0.7111217131791802,0.17831357356926839
0.40813215933274044,0.2976999534992547
0.5450377183805907,0.6107162840693656
0.529229049229145,0.37382501540719826
0.9160736092357065,0.05642166976697851
0.8674177557528691,0.02170562034845608
0.4178315497233864,0.11272376707075152
0.7767070088263942,0.5795454096035633
0.8642222666492202,-0.002558598099934031
0.1614632319561531,0.3815563066112849
0.1525725937563657,0.5813340017741676
0.017654448200660804,0.21973186659969499
0.8442278122698741,0.14172149116387708
0.7576241986343056,0.3610948309326838
0.3413623898739254,0.4616000787795817
0.1545868767176608,0.08430850076673371
0.9703438421787741,0.18142139367056662
0.32903886525086107,0.46963444355932044
0.31541447391643285,0.28015808274525683
0.4159615373928358,0.5799281751142035
0.4897729964192229,0.17855098835410216
0.2581429976795404,0.41005107730507173
0.35315955438870733,0.45351181134410334
0.19531297506668432,0.44958549986232293
0.16786652545928002,0.5216644489503666
0.22917490688630857,0.6059168709218067
0.31036171802025914,0.4045034426506471
0.3655600915737903,0.47338021785226325
0.23631482517049857,0.03523254901720126
0.8277358392976848,0.017330295182089034
0.7329642513773096,-0.008858197382069277
0.8301170260689348,0.4144997915625721
0.6364691920245632,0.2657643760031422
0.5954533382364936,0.5227536302336967
0.38792084959337453,0.2079671303199286
0.37257750588698585,0.23039574146091452
0.590730561567534,0.13248846645657256
0.029494337142390283,0.02661355981767239
0.87561298294941,0.3303196265470164
0.3600757576700511,0.01667616301931525
0.3563941865281873,0.28369448350647497
0.5629853027745116,0.4487082847699108
0.31651733193969855,0.11458469244549879
0.3445246588912637,0.1280559090744527
0.7042200391632171,0.3539040755704804
0.08236369690991695,0.4576909776164939
0.4786836208930417,0.2918606621807649
0.8343970135323985,0.4966184044596567
0.6677371133281569,0.5783954671608955
0.8665480092851444,0.5031668179789629
0.6606464963046421,0.5424267375654761
0.9000378594824855,0.5165979883143708
0.40803336345382146,0.11597407368622518
0.6540317778593233,0.4219186562479026